PropID,zipcode,price,beds,baths,liveSQ,lotSQ,floors,waterfront,viewQuality,buildquality,yearBuilt,lat,long,liveSQ15,lotSQ15
4254000220,98019,475000,4,2.5,2.04,16.2,1,no,0,8,1997,47.7366,-121.958,1.64,15.389
7302000610,98053,316000,4,1.5,2.12,46.173,2,no,0,7,1974,47.6503,-121.968,1.81,46.173
7855600820,98006,802000,4,2.25,2.13,8.734,1,no,2,8,1961,47.5672,-122.161,1.72,8.8
4139460200,98006,905000,4,2.5,3.33,9.557,3,no,0,10,1995,47.5526,-122.102,2.62,9.755
8901500178,98125,7.00E+05,4,2.25,2.44,9.45,2,no,0,7,1947,47.7061,-122.307,0.99,7.503
2730000270,98001,178500,3,1,0.9,10.511,2,no,0,6,1961,47.2883,-122.272,2.97,10.643
4178300130,98007,950000,7,3.5,3.47,16.264,1,no,0,9,1980,47.6203,-122.149,1.91,13.5
9269750460,98023,247000,3,2.25,1.58,7.941,2.5,no,0,7,1986,47.2843,-122.357,3.5,8.051
3818700190,98028,387846,4,1.75,2.52,15.205,1,no,0,7,1954,47.7642,-122.264,1.3,10
1471610060,98045,370000,3,1.75,1.57,16.817,1,no,0,7,1982,47.4716,-121.756,2.7,16.817
9512200090,98058,529000,3,1.75,2.34,7.724,1,no,0,10,2010,47.4593,-122.134,4.11,5.787
4166600610,98023,335000,3,2,1.41,44.866,2,no,0,7,1985,47.3273,-122.37,2.62,29.152
1704900206,98118,465500,3,1.75,1.89,7.004,2,no,0,7,1965,47.5557,-122.28,1.76,5.378
3530200160,98077,654950,4,2.5,2.79,45.902,1,no,0,9,1987,47.7674,-122.086,1.85,42.421
8860300220,98052,612000,5,2.5,2.3,7,1,no,0,8,1975,47.6875,-122.122,2.17,7.28
2523069156,98027,520000,3,2.25,2.51,43.995,1,no,0,8,1981,47.4545,-121.988,1.25,48.351
2321300351,98199,575000,2,1,1.51,4.032,2,no,0,8,1935,47.6371,-122.393,2.5,4.042
1446400615,98168,268000,4,2,1.93,6.6,1,no,0,7,1967,47.482,-122.332,1.59,6.6
4391600065,98010,330000,2,0.75,0.52,6.862,1,no,0,4,1924,47.326,-122.037,1.14,8.756
1088810040,98011,627250,4,2.5,2.83,10.677,2,no,0,9,1993,47.742,-122.208,1.18,9.619
9485920120,98042,290000,4,2.5,2.34,52.272,1.5,no,0,8,1978,47.3468,-122.091,1.2,40.5
6127011000,98075,537500,4,2.5,2.55,4.63,1,no,0,7,2005,47.5928,-122.004,1.43,5.151
4222310680,98003,240000,3,2,1.03,11.118,2,no,0,7,1970,47.3463,-122.308,1.09,7.92
7523700210,98032,205000,3,1,0.97,7.7,1,yes,0,7,1959,47.3793,-122.304,1.12,8.25
1257201420,98103,595000,4,3.25,3.73,4.56,2,no,0,9,2015,47.6725,-122.33,1.88,4.56
2413910190,98053,5.00E+05,3,1.75,1.69,48.096,1,no,0,7,1973,47.6745,-122.061,2.798,35.16
1430800100,98166,356000,4,2,1.6,12.5,1,no,0,7,1938,47.4713,-122.355,2.89,8.306
3260000700,98005,530000,3,1.75,1.68,7.77,2,no,0,7,1967,47.6028,-122.167,1.96,7.77
4174600331,98108,384000,6,3,2.32,4.502,2,no,0,7,1987,47.5552,-122.3,1.36,5.628
9513900050,98031,237000,3,2,1.21,6.634,1,no,0,7,1985,47.4097,-122.193,1.74,7.2
9558020840,98058,364950,4,2.5,2.07,2.992,3,no,0,8,2002,47.4496,-122.12,1.72,2.957
1665400025,98166,259000,3,1.75,1.59,7.148,3,no,0,7,1952,47.4713,-122.344,2.419,7.28
7211400535,98146,275500,4,1,1.29,5,2,no,0,7,1957,47.5128,-122.358,1.57,2.5
4303200184,98106,230000,2,1,0.77,6.45,1,no,0,6,1948,47.531,-122.358,1.81,6.063
8631600025,98133,425000,4,1.5,2.29,8.773,3,no,0,7,1947,47.7173,-122.33,1.16,7.058
9320870040,98031,249900,3,2.5,1.63,7.7,1,no,0,7,1978,47.3876,-122.211,1.46,8.16
8731983200,98023,255000,2,1.75,1.95,8.2,1,no,0,8,1975,47.3161,-122.382,3.68,8
930000425,98177,440000,3,1.75,1.57,5.12,1,yes,2,7,1947,47.7166,-122.365,2.82,7.2
1099900030,98188,325000,5,2.75,2.4,7.904,2,no,0,7,1992,47.4683,-122.263,2.647,7.475
6190701483,98133,364000,4,1.75,2.01,8.625,1,no,0,7,1957,47.7496,-122.355,3.29,8.4
4039300490,98007,4.00E+05,3,1.5,1.2,4.8,1,no,0,7,1962,47.6084,-122.136,0.88,7.668
3901100030,98033,982000,4,2.75,3.61,8.58,1,no,0,9,2014,47.6706,-122.173,2.15,8.58
7203140420,98053,385000,3,2.5,1.74,4.145,2,no,0,7,2010,47.6875,-122.015,3.27,4.045
5057100110,98042,479349,5,3,3.223,6.371,2.5,no,0,9,2014,47.3584,-122.163,3.6,9.008
3904901520,98029,447000,3,2.25,1.44,4.667,2,no,0,7,1985,47.5662,-122.017,3.73,4.756
3332500095,98118,399000,3,2.5,1.8,3.3,1,no,0,7,2004,47.5491,-122.276,2.59,3.902
420000085,98056,238000,3,1,1.24,5.7,1,no,0,6,1953,47.4927,-122.169,2.63,5.7
3902310210,98033,610000,4,2.5,2.1,8.8,2,no,0,8,1980,47.6909,-122.186,1.01,9
5547700270,98074,625000,4,2.5,2.57,5.52,1,no,0,9,2000,47.6145,-122.027,3.39,5.669
8929000230,98029,550000,3,2.5,2.01,2.261,2,no,0,8,2014,47.5514,-121.998,2.3,1.899
2481630290,98072,879000,4,2.75,4.23,31.747,2,no,0,10,1985,47.731,-122.132,1.14,35.576
5605000430,98112,1160000,4,2.5,2.79,5.45,2,no,0,10,1925,47.6453,-122.303,3.89,5.45
3797001900,98103,360000,3,1.5,1.36,6,3,no,0,6,1911,47.6846,-122.345,1.89,3
3693900885,98117,1020000,6,2.25,2.55,5,1,no,0,7,1907,47.6785,-122.396,2.2,5
3629970090,98029,680000,4,2.5,2.52,5,2,no,0,9,2004,47.5524,-121.992,1.41,5.001
8132700190,98117,430000,2,1,0.99,4.802,2,no,0,7,1947,47.6876,-122.395,1.76,5
7972603385,98106,245000,2,1,0.87,6.15,2,no,0,6,1941,47.5256,-122.347,2.02,6.15
6204410330,98011,432000,4,1.75,2.41,8.4,1,no,0,7,1978,47.7341,-122.2,3.28,8.4
4440400125,98178,228000,4,1.75,2,6.12,1,no,0,7,1965,47.5035,-122.258,2.57,6.12
1450100390,98002,208000,3,1,0.92,7.314,1,no,0,6,1960,47.2892,-122.22,1.69,7.42
9268851320,98027,450000,3,2.25,1.62,0.997,2,no,0,8,2012,47.5394,-122.027,1.37,1.068
4457300135,98040,741000,4,2.75,2.07,10.125,2,no,0,7,1962,47.5697,-122.219,1.85,10.125
6371500120,98116,325000,2,1,0.96,4.8,1.5,no,0,6,1912,47.5752,-122.411,1.09,4.8
923000280,98177,699000,3,2.5,2.58,8.154,1,no,0,10,1956,47.7259,-122.361,1.72,8.155
4385700765,98112,850000,3,1.75,1.37,3.85,1,no,0,7,1911,47.6374,-122.279,1.1,3.6
8856960050,98038,318400,4,2.5,1.82,6.916,2,no,0,7,1994,47.3862,-122.029,0.78,6.995
2155000480,98052,499950,3,1.5,1.35,9.315,1,no,0,7,1968,47.6587,-122.124,2.15,9.92
1842200040,98052,425000,3,1.5,1.3,19.163,1,no,0,7,1964,47.6686,-122.153,1.86,9.744
5695000270,98103,660000,3,2.25,1.57,1.68,1,no,0,8,2014,47.6585,-122.348,1.55,1.87
1432600100,98058,218000,3,1,1.14,7.56,1,no,0,6,1958,47.4624,-122.185,2.59,7.56
1373800330,98199,1120000,4,2.5,3.69,11.191,1.5,no,3,10,1951,47.6434,-122.412,1.65,8.16
2125059161,98005,960000,4,2.5,3.43,43.56,2,no,2,10,1979,47.6426,-122.18,1.5,44.431
9808700405,98004,1900000,3,2.5,2.66,13.367,2,no,2,10,1992,47.6501,-122.217,3.04,13.367
2891000010,98002,269000,4,2.5,1.594,7.665,1,no,0,7,1975,47.3262,-122.211,2.533,6
1900600105,98166,255000,3,1.5,1.49,6.604,1,no,0,6,1918,47.4683,-122.351,1.76,6.604
2222059154,98042,407000,4,2.5,2.927,6,1,no,0,7,2011,47.3737,-122.16,1.3,6
3630200780,98029,1050000,4,3.75,3.86,5.474,2,no,0,10,2007,47.5396,-121.995,1.7,5.474
1623300325,98117,999000,5,3.5,2.81,2.7,2,no,0,9,1910,47.6799,-122.363,1.64,3.8
5466310060,98042,139500,2,1.5,1.23,1.561,1.5,no,0,7,1983,47.3768,-122.149,2.5,2.243
1795920250,98052,637000,3,2.25,2.2,7.355,1,no,0,8,1986,47.7266,-122.103,3.96,7.868
5112800042,98058,4.00E+05,5,2.75,2.47,19.2,2,yes,0,8,1977,47.4496,-122.083,2.77,35.14
2323069053,98027,420000,4,1.75,2.48,60.548,2,no,0,7,1968,47.4722,-122.001,1.37,90.169
7987400475,98126,745000,5,3,2.4,10.126,1,no,3,8,1981,47.5726,-122.373,1.34,3.946
1796360990,98042,205000,3,1.75,1.17,8.239,1,no,0,7,1981,47.3679,-122.088,2.3,7.866
6413600285,98125,402000,3,1.75,1.58,6.127,1.5,no,0,7,1947,47.7192,-122.32,1.14,6.128
3342700465,98056,250000,3,1.5,2.84,10.182,2,no,0,8,1951,47.524,-122.2,2.05,9.669
8682281070,98053,752500,2,2.5,2.28,6.23,3,no,0,8,2005,47.7065,-122.013,1.58,5.931
5635100080,98030,359950,4,2.5,2.542,6.12,1,no,0,8,2014,47.3751,-122.188,2.8,8.984
5076700115,98005,529941,3,2,1.66,10,2,no,0,7,1961,47.5852,-122.174,1.078,9.72
7661600206,98188,262000,4,2.5,2.07,8.685,1,no,0,7,2006,47.4697,-122.267,2.879,9.715
2346200030,98006,802541,5,2.75,2.99,6.768,1.5,no,0,9,2014,47.5462,-122.182,1.33,6.768
3580900200,98034,440000,4,2,1.45,8.4,1,no,0,7,1962,47.7285,-122.24,2.05,7.44
9406510130,98038,448000,5,3.5,3.74,24.684,2,no,0,9,1998,47.3832,-122.057,2.32,26.023
9828702335,98112,570000,2,2,1.14,0.69,1,no,0,8,2014,47.6205,-122.3,1.69,1.171
6205500280,98005,576000,3,1.75,1.5,13.891,1.5,no,0,7,1951,47.5866,-122.175,4.64,13.891
7418000020,98059,305000,3,1.75,1.4,10.35,1,no,0,7,1976,47.479,-122.132,1.55,10.457
1651800010,98004,1300000,4,1.75,2.61,21.6,1,no,0,8,1966,47.6245,-122.227,1.65,20.33
1796350080,98042,239950,3,1.75,1.23,9.6,1,no,0,7,1984,47.3675,-122.095,1.16,8.25
922059169,98031,8.00E+05,6,4.25,5.48,189.05,1,no,0,10,1991,47.412,-122.168,1.28,10.429
3885802970,98033,827500,3,2.5,1.81,7.2,2,no,0,7,1960,47.6885,-122.211,3.93,7.2
8857100180,98008,350000,3,2.25,1.41,1.34,1,no,0,8,1967,47.6108,-122.113,2.69,2.748
2024059052,98006,975000,6,3,3.42,22.421,1,no,0,9,1948,47.5508,-122.189,1.13,15.56
3362900810,98103,532170,3,2,1.36,3.09,2,yes,0,8,1990,47.6838,-122.353,1.62,3.09
425079046,98014,435000,3,2.5,1.778,147.823,2,no,0,7,1999,47.6811,-121.915,1.97,43.676
1545802830,98038,258500,3,2,1.46,7.93,1,no,0,7,1989,47.359,-122.049,1.05,7.93
5209200010,98125,485000,3,1.5,1.87,7.853,1,no,0,7,1962,47.7045,-122.281,1.54,8.3
7831800411,98106,250000,4,1.75,1.51,5.5,2,no,0,7,1920,47.535,-122.359,2.4,6.431
4122900020,98004,1390000,4,3,4.04,20.001,1,no,0,9,1972,47.6408,-122.212,1.01,20.098
3876600120,98001,265000,3,1.5,1.78,10.196,1,no,0,7,1967,47.3375,-122.291,1.15,7.875
3821400200,98168,215000,3,2,1.29,9.312,2,no,0,7,1947,47.4811,-122.325,1.536,7.3
2391602500,98116,512500,3,2.5,1.84,2.875,2,no,0,7,1997,47.562,-122.393,2.33,5.75
7922900030,98008,851000,3,2.75,2.66,10.35,2,no,4,8,1971,47.5868,-122.116,1.5,10.043
1962200037,98102,626000,3,2.25,1.75,1.572,1,yes,0,9,2005,47.6498,-122.321,2.18,3.05
3904921070,98029,590000,4,2.5,2.34,8.971,3,no,0,9,1987,47.5679,-122.011,2.12,9.219
3332000091,98118,320000,3,1,1.19,4.12,1,yes,0,6,1929,47.5513,-122.272,2.33,4.635
4310702837,98103,375000,3,3.25,1.37,1.227,2,no,0,8,2007,47.6964,-122.341,1.09,1.236
7131300063,98118,350000,4,1.75,2.14,4.959,2,no,0,7,1965,47.5166,-122.266,1.3,5.25
9542801410,98023,286000,4,1.75,2.19,8.4,1.5,no,0,8,1978,47.3003,-122.373,1.54,7.7
8645511350,98058,3.00E+05,3,1.75,1.81,21.138,2,no,0,7,1977,47.4674,-122.178,1.89,12.2
7202330190,98053,421200,3,2.5,1.44,3.06,1,no,0,7,2003,47.6821,-122.035,2.52,3.06
3395041194,98108,268000,3,2.75,1.88,1.793,1.5,no,0,7,2001,47.5405,-122.293,2.25,2.537
1737100040,98033,525000,3,1.75,1.71,7.35,2,no,0,8,1981,47.699,-122.167,1.38,7.56
3845100620,98092,400950,4,2.5,2.578,4.554,1.5,no,0,9,2014,47.2603,-122.194,3.01,4.554
224069010,98075,653450,3,2.5,2.07,49.658,1,no,0,8,1980,47.5936,-122.013,1.2,35.16
8643200060,98198,170500,3,1,1.64,13.939,1,no,0,7,1960,47.3947,-122.313,2.2,13
1442800060,98038,205000,3,2.5,1.87,3.118,2,no,0,8,1993,47.3739,-122.056,3.86,3.601
8154100020,98002,248500,3,1.75,2.09,12.026,1,no,0,7,1948,47.3095,-122.217,1.6,9.496
1423600020,98058,267000,3,1.5,1.09,8.16,1,no,0,7,1967,47.4551,-122.175,1.28,7.56
1795920440,98052,639500,4,2.25,2.33,8.994,1,no,0,8,1986,47.7264,-122.104,2.29,8.396
6380500135,98177,326100,2,1,0.88,7.683,1.5,no,0,6,1942,47.7145,-122.361,1.59,7.695
3394100230,98004,1050000,4,2.5,3.03,12.59,1,no,0,10,1988,47.5806,-122.193,1.9,11.635
1422029117,98070,319000,3,1.75,1.64,53.4,1,no,0,7,1966,47.3944,-122.506,1.84,380.279
5468700105,98133,415000,3,1.75,2,8.4,2,no,0,8,1959,47.7535,-122.334,1.45,8.4
5112800190,98058,249000,3,1.5,1.18,11.579,2,no,0,7,1962,47.4502,-122.089,1.69,22.486
1387301430,98011,460000,3,2.25,1.65,7.313,1,no,0,7,1975,47.7375,-122.194,1.24,7.252
7789200070,98056,235000,3,1,1.25,15.603,1,no,0,7,1959,47.5093,-122.172,2.24,10.22
1023059511,98059,527000,4,2.5,2.9,6.736,1,no,0,8,2013,47.4954,-122.152,1.33,6.736
9322800230,98146,1250000,4,2.5,2.96,20.24,1,yes,4,10,1985,47.5075,-122.389,1.056,14.96
7203230040,98053,1050000,5,3.25,4.24,9.588,2,no,0,9,2014,47.6901,-122.018,2.51,8.425
9547202950,98115,564000,4,1,1.17,4.59,1.5,no,0,7,1925,47.6804,-122.311,1.72,4.08
4139460290,98006,898000,3,2.5,3.53,9.753,1.5,no,0,10,1997,47.5539,-122.103,2.57,9.234
421000465,98056,269500,2,1.5,1.48,7.276,2,no,0,6,1978,47.4942,-122.166,2.5,6.71
7768700315,98004,1230000,3,1.75,2.2,14.63,1,no,1,8,1948,47.6074,-122.213,1.01,15.803
8155820110,98056,355000,3,1.75,1.46,7.203,2,no,0,7,1990,47.5049,-122.189,1.41,7.203
1951600150,98032,180000,3,1,1.61,8.5,1.5,no,0,7,1959,47.3717,-122.297,1.51,8.75
312000265,98136,375000,2,1,0.79,5.12,2,no,0,6,1950,47.557,-122.395,2.26,5.12
3520069033,98022,230000,3,1,1.53,389.126,1,no,0,7,1919,47.1776,-122.011,2.69,42.148
5561710110,98031,319990,3,2.25,1.84,7.326,1,no,0,7,1979,47.3958,-122.168,2.46,7.475
4217401365,98105,1480000,5,3.25,3.68,10.3,1.5,no,0,10,1927,47.6548,-122.28,2.31,7.2
8165100035,98177,245560,2,1.5,1.26,9.693,1,no,0,7,1957,47.7775,-122.365,1.74,9.693
2473420070,98058,291600,3,1.75,1.63,7.48,2,no,0,7,1979,47.4514,-122.159,1.6,7.48
6791400070,98042,350000,3,2.5,2.04,13.59,2,no,0,8,2009,47.3122,-122.04,1.51,12.485
1865000110,98092,365000,4,2.5,2.54,6.688,1,no,0,9,2002,47.3314,-122.18,1.87,6.776
8670900140,98102,995000,3,2.25,3.2,3.8,1,no,0,9,1914,47.638,-122.317,5.79,3.9
6600400370,98042,215000,3,1,1.19,7.5,2,no,0,7,1968,47.3248,-122.142,1.45,9.75
6204410150,98011,525000,4,2.25,2.66,7.957,1,no,0,8,1977,47.7351,-122.199,2.14,8.25
9211010220,98059,530000,4,2.5,3.25,4.5,2,no,0,8,2008,47.4944,-122.15,1.85,4.598
1922000180,98040,1160000,4,3.75,3.56,13.959,1,no,0,9,1972,47.5575,-122.211,2.96,11.834
1328320760,98058,327000,3,2.5,1.81,7.35,1,no,0,8,1984,47.4434,-122.125,1.45,7.35
534000080,98117,333000,2,1,0.72,6.686,1,no,0,6,1942,47.7003,-122.362,3.22,6.686
5363200180,98115,640000,4,2,2.56,7.798,1,no,0,7,1947,47.6914,-122.296,1.88,7.798
5666300010,98133,302000,3,1,1.11,7,2,no,0,7,1955,47.754,-122.341,1.17,7
3326059238,98033,5.00E+05,4,2.25,2.05,7.201,2,no,0,8,1994,47.7003,-122.165,2.5,7.35
513000550,98116,650000,3,2,2.52,5.98,1,no,0,8,1957,47.5767,-122.383,1.41,5.75
161000120,98144,650000,4,2,2.85,4.497,1,no,1,7,1910,47.5876,-122.292,2.46,6
6046400465,98103,397500,3,1,1.48,5.1,1,no,0,7,1938,47.6915,-122.348,1.55,5.1
4298100060,98077,590000,4,2.25,2.43,32.496,2,no,0,9,1993,47.7642,-122.048,1.49,35.506
1782000160,98126,356700,2,1,1.09,5,1,no,0,7,1942,47.5258,-122.378,2.92,5.25
3362401815,98103,764000,3,2,1.42,4.08,1,no,0,8,1904,47.6801,-122.348,3.24,3.06
3459700340,98155,537250,4,2.5,2.59,9.53,2,no,0,8,1978,47.7752,-122.285,2.05,10.97
11510310,98052,835000,4,2.75,3.13,13.412,2,no,0,9,1993,47.6993,-122.102,2.21,9.984
1774220160,98077,632925,3,2.5,2.99,32.239,1.5,no,0,8,1978,47.7718,-122.095,1.54,36.497
2391602250,98116,440000,4,1.5,1.77,5.75,3,no,0,7,1947,47.5621,-122.394,1.78,5.75
9406500350,98028,207000,2,1.5,1.068,1.158,1,no,0,7,1990,47.753,-122.244,1.84,1.278
287000110,98146,680000,4,1.5,1.88,6.2,1,no,2,8,1954,47.5035,-122.384,2.71,6.5
9414610020,98027,574950,5,3.25,3.16,10,1,no,0,8,1980,47.52,-122.047,1.47,10
3832710680,98032,215000,4,2,1.54,7.575,2,no,0,7,1978,47.3664,-122.279,1.53,7.575
7575620640,98003,329000,3,2,1.84,6.755,1,no,2,8,1989,47.3512,-122.305,2.02,6.459
6681500080,98199,736500,3,2,2.23,4.8,1,no,0,7,1915,47.645,-122.386,1.72,5.04
9468200100,98103,569950,4,1,1.14,5.94,2,no,2,7,1916,47.6795,-122.354,1.58,4
6979970150,98072,420000,3,2.5,2.39,3.903,1,no,0,8,2006,47.7515,-122.174,2.56,3.431
2426059076,98072,680000,4,2.5,2.7,37.431,1.5,no,0,8,1978,47.7258,-122.117,2.9,37.431
913000315,98116,1300000,6,4.5,3.902,3.88,1,no,4,9,1977,47.5837,-122.399,1.29,3.87
3835502815,98039,1260000,3,2.5,3.11,9.93,2,no,1,8,1954,47.6112,-122.226,1.55,14.399
7936000252,98116,521000,2,1,1.05,7.5,3,no,3,6,1910,47.5577,-122.399,1.74,13.68
1321700030,98023,575000,4,2.5,4.62,20.793,1,no,0,11,1991,47.2929,-122.342,2.5,20.793
2023049361,98148,246500,2,1,0.94,6,1,no,0,7,1954,47.4631,-122.329,2.26,8.547
4036800170,98008,453000,4,1.75,2.12,7.42,1,no,0,7,1956,47.6019,-122.13,2.31,7.42
2878601425,98115,6.00E+05,3,1.75,1.65,5.1,1,yes,0,7,1908,47.6873,-122.321,1.58,5.1
1090000005,98136,402000,2,1,1.21,5.6,1,no,0,7,1922,47.5322,-122.392,1.42,5.028
2827100075,98133,286308,2,1.5,1.22,1.036,2,no,0,7,2006,47.7348,-122.347,3.64,0.659
8651510380,98074,310000,3,2,2.07,9.195,1,no,0,8,1982,47.6491,-122.061,1.29,9.551
1843130980,98042,284000,4,2.5,2,5.39,1,no,0,7,2003,47.3732,-122.129,0.67,5.39
1025049266,98105,555000,2,2.25,1.16,0.954,1.5,no,0,8,2014,47.6647,-122.284,2.31,1.327
430000175,98115,550000,3,1.75,1.52,5.618,2,no,0,7,1953,47.68,-122.284,4.32,5.618
3904930240,98029,485000,3,2.5,1.88,5.502,2,no,0,8,1988,47.5737,-122.018,1,5.411
9262800208,98001,637000,4,3.5,4.083,68.377,1,no,0,10,2005,47.3114,-122.262,1.94,41.382
1727000680,98005,699000,4,2.5,2.44,14.47,2,no,0,9,1970,47.6401,-122.168,1.48,15.564
3815500035,98028,385000,3,1.5,1.49,9.63,2,no,0,8,1959,47.7623,-122.256,2.35,10.469
224069114,98075,635000,4,2.5,2.47,77.55,1,no,0,7,1987,47.5888,-122.011,2.55,40.894
5466410030,98042,249000,3,2,1.36,6.082,1,no,0,7,1994,47.3577,-122.16,1.18,6.987
200500410,98011,575000,3,2.5,1.96,9.535,2,no,0,8,1989,47.7371,-122.215,2.94,9.206
2767602141,98107,650000,3,1.5,1.38,4.29,1,no,0,7,1955,47.674,-122.379,1.21,3.9
3869900139,98136,484950,3,2.25,1.59,0.926,1,no,0,8,2014,47.5402,-122.387,2.27,1.321
3971701990,98155,4.00E+05,4,1.75,1.81,9.75,2,no,0,7,1977,47.7681,-122.311,3.15,10
1326039061,98133,429950,3,1.75,1.43,9.75,1,no,0,7,1962,47.7441,-122.357,1.44,9.282
5101406384,98125,574500,4,1.5,1.43,6.38,2,no,0,9,1930,47.7014,-122.313,1.56,5.112
9828702266,98144,520000,3,2.5,1.48,1.165,1,no,0,8,2006,47.6199,-122.3,1.89,1.231
7335400345,98002,135000,2,1,0.78,6.685,2,no,0,5,1948,47.305,-122.215,2.78,6.695
2619920030,98033,760000,4,2.5,3.22,4.031,1,no,0,9,2002,47.688,-122.163,3.04,5.083
5470100270,98042,225000,3,1.5,1.31,10.491,2,no,0,7,1969,47.3682,-122.148,2.02,9.664
8827900690,98105,6.00E+05,3,2,1.46,2.8,2,no,0,7,1921,47.67,-122.295,1.83,4.56
6453550090,98074,861111,4,2.5,3.65,7.09,1,no,0,10,2008,47.606,-122.052,2.72,7.272
7129303180,98118,310000,3,2,1.29,6.15,1,no,1,6,1950,47.5181,-122.257,2.42,6.15
2324059314,98006,795000,4,2.5,2.89,7.798,1,yes,0,9,2005,47.5456,-122.129,1.41,30.95
3222049044,98198,835000,3,3,2.79,12.523,2,yes,4,8,1977,47.3571,-122.324,1.42,11.476
7787050180,98059,585000,3,2.75,3.08,7.282,1,no,0,9,2008,47.4826,-122.149,1.89,7.274
1924069039,98027,869000,5,3.25,4.18,49.222,1.5,no,0,8,1979,47.5488,-122.094,1.66,8.029
6392001005,98115,511500,4,1,1.36,6,1.5,no,0,7,1917,47.6854,-122.288,2.33,6
7978800621,98003,229000,3,1,1.37,56.628,1,no,0,7,1942,47.3058,-122.306,1.64,8.702
2521059060,98092,490000,3,2.25,2.84,107.157,2,no,0,9,1983,47.2848,-122.118,1.36,215.622
1253200170,98032,250000,4,1.5,2.5,6.3,1,no,0,7,1961,47.3781,-122.284,2.39,8.925
1545807810,98038,118000,1,1,0.67,7.957,1,no,0,6,1978,47.3594,-122.056,2.4,7.957
6700390150,98031,245000,3,2.5,1.72,3.407,1,no,0,7,1992,47.4034,-122.188,3.36,3.407
316000160,98168,260000,3,1,1.48,7.469,1,no,0,6,1940,47.5048,-122.301,1.5,7.379
7227502075,98056,410000,4,2.5,2.07,6.18,1,no,0,8,2007,47.4915,-122.183,1.82,6.018
7011201004,98119,645000,3,3.25,1.73,1.229,1,no,2,9,2008,47.6374,-122.369,3.01,1.686
7202340860,98053,561000,3,2.5,2.12,5.277,2,no,0,7,2005,47.6811,-122.034,1.95,5.257
5422950170,98038,405000,5,2.5,3.37,5.092,2,no,0,7,2006,47.3594,-122.036,1.22,5.092
7518500985,98117,591500,4,2.5,1.69,4.08,1,no,0,7,1912,47.6825,-122.379,2.45,4.59
8854100220,98011,585000,3,3.25,3.05,12.7,2,no,0,8,1990,47.7445,-122.214,1.89,12.386
6056100380,98108,415000,3,2.25,1.97,2.377,2,no,0,8,2008,47.5631,-122.297,1.89,1.936
7852030330,98065,480000,3,2.5,2.27,4.488,1,no,0,7,1999,47.5329,-121.879,0.87,4.427
3758900150,98033,425000,2,1,1.43,13.3,2,no,0,6,1921,47.6996,-122.203,2.51,11.421
1247600105,98033,5110000,5,5.25,8.01,45.517,1,no,4,12,1999,47.6767,-122.211,1.72,26.788
8563001070,98008,550000,4,2,1.66,12.377,3,no,0,8,1966,47.6231,-122.102,2.13,8.968
1346300035,98112,1990000,5,3,4.48,5,2,no,0,12,1902,47.6275,-122.315,1.68,5.6
3271301175,98199,661000,2,1,1.26,5.8,2,no,0,7,1939,47.6501,-122.409,1.48,5.8
3304300080,98059,588000,4,2.5,3.06,7.71,1,no,0,9,2009,47.4828,-122.136,1.73,7.84
2459950010,98058,258000,3,2,1.39,7.2,1.5,no,0,7,1996,47.434,-122.154,2.85,7.34
3210700380,98004,640000,4,2.75,2.1,11.894,2,no,0,8,1968,47.6006,-122.194,1.33,9.45
6392001810,98115,507000,3,1,1.18,6,1,no,0,7,1950,47.6853,-122.286,1.38,6
7548300326,98144,290000,4,2,1.66,4.788,1,no,0,7,1968,47.5878,-122.312,2.1,5
3211240370,98092,460000,4,2.25,2.69,36.114,1.5,no,0,9,1986,47.3106,-122.116,1.82,35.091
7732410220,98007,808000,4,2.25,2.5,8.866,1,no,0,9,1987,47.6604,-122.146,2.18,8.847
5445300050,98117,672000,3,2.25,1.13,4.445,1,no,0,8,1930,47.6845,-122.375,1.25,4.445
797000258,98168,350000,2,2.75,2.82,11.77,2,no,0,7,1947,47.5102,-122.324,1.445,12.5
5418500650,98125,586000,4,2.25,1.93,8.338,2,no,0,8,1968,47.7026,-122.285,0.99,7.616
3750603685,98001,250000,3,1.5,2.03,14.4,2,no,0,7,1969,47.2639,-122.285,2.08,14.4
7204200025,98198,1230000,4,2.5,3.12,49.456,2,no,4,9,1974,47.3535,-122.323,2.86,32.181
1430800279,98166,469000,4,1.75,2.96,11.347,1,no,0,8,1946,47.4738,-122.353,2.66,8.911
5230000020,98059,5.00E+05,4,3,3.72,15.048,2,no,0,7,1979,47.5116,-122.144,2.9,15.18
1370804115,98199,515000,2,1,1.64,5.2,1,no,0,7,1937,47.6426,-122.403,1.68,5.04
3172600095,98106,371500,3,1,1.65,6.4,2,no,0,7,1954,47.52,-122.365,1.82,6.4
4239400730,98092,152000,3,1,1.09,3.264,1,no,0,6,1969,47.3155,-122.182,2.51,3.33
3352400325,98178,225000,3,1.5,1.22,8.345,2,no,0,7,1931,47.5038,-122.266,1.59,10.169
3023049215,98166,519000,5,2.25,2.57,13.054,1,no,1,8,1950,47.4487,-122.352,1.4,19.807
2968801085,98166,334000,4,1.5,1.68,7.62,1,no,0,7,1965,47.4578,-122.351,2.66,7.62
1441800010,98034,459900,3,2.25,2.25,8,2,no,0,8,1976,47.7229,-122.202,1.37,9
4376700030,98052,746000,3,2.25,2.37,9.619,1.5,no,0,8,1973,47.6366,-122.099,1.05,9.712
6762700376,98102,650000,3,2.75,1.54,1.251,1,no,0,8,2002,47.6298,-122.321,1.54,1.287
4435600330,98188,165000,3,1,0.91,8.7,1,no,0,6,1943,47.449,-122.29,3.09,8.7
9477000650,98034,397000,3,1.75,1.64,11.73,2,no,0,7,1967,47.7351,-122.189,3.69,7.77
6072100790,98006,648000,5,2.25,2.41,12,1.5,no,0,8,1973,47.5434,-122.175,1.78,12
3204930170,98052,680000,4,3.5,2.51,3.763,1.5,no,0,8,2013,47.7002,-122.103,1.8,3.82
9315300260,98198,189650,2,1.75,1.1,7.6,2,no,0,6,1980,47.4136,-122.318,2,7.35
7625703885,98136,870000,4,3,2.94,7.108,1.5,no,1,9,2011,47.5437,-122.395,2.82,7.95
2769600590,98107,9.00E+05,8,4,4.02,7.5,2,no,0,8,1968,47.6732,-122.363,1.76,3.737
4232400470,98112,751750,2,2,1.88,5.4,2,no,0,8,1902,47.6238,-122.311,2.13,5.4
1806900502,98112,649000,3,3.25,1.72,0.936,1,no,0,8,2004,47.6201,-122.309,1.58,1.527
3883800011,98146,82000,3,1,0.86,10.426,2,no,0,6,1954,47.4987,-122.341,1.47,11.25
5126300060,98059,515000,3,2.5,2.61,5.845,2,no,0,8,2005,47.4821,-122.142,1.38,5
1682000350,98092,148226,3,1,1.4,7.36,1,no,0,7,1968,47.3123,-122.186,2.05,8.03
492000475,98002,245000,4,1.5,2.01,7.561,1,no,0,7,1921,47.311,-122.227,1.43,6.564
2923500010,98027,757500,5,2.25,3.16,8.065,1,no,0,8,1977,47.5678,-122.089,1.23,7.917
1148000190,98166,249950,2,1,0.94,8.532,1,no,0,7,1959,47.4814,-122.343,2.56,8.1
7889601870,98146,281500,3,1,1.27,7.5,1,no,0,7,1953,47.4921,-122.339,1.65,3
5437200050,98003,560000,4,2,2.72,8.819,2,no,3,8,1976,47.338,-122.333,1.99,9.672
1223039195,98146,465000,5,1.75,2.33,6.45,1,no,1,8,1958,47.4959,-122.367,1.37,8.258
3223059206,98055,235000,3,1.75,1.95,8.712,2,no,0,7,1960,47.4391,-122.189,2.92,11.52
2264500425,98103,640000,2,1.75,1.76,4.4,2,no,0,7,1930,47.65,-122.34,1.78,4.18
6403510130,98059,490000,5,2.75,2.99,7.2,2,no,0,8,1997,47.4955,-122.16,2.92,7.62
8825900465,98115,599000,3,1.75,1.96,4.788,2,no,0,7,1920,47.6746,-122.312,1.82,3.96
3344500183,98056,375000,4,1.75,1.87,12.5,2.5,no,1,6,1943,47.511,-122.197,3.88,14.141
8091600080,98022,225000,3,1,1.12,8.407,1,no,0,6,1987,47.2051,-122.006,2.99,8.658
6669080120,98056,405000,4,2.5,1.98,5.02,2,no,0,7,2007,47.5147,-122.19,0.94,5.064
7702020030,98028,533000,4,2.5,2.59,6.394,1.5,no,0,8,2003,47.7599,-122.233,1.53,5.328
9477000060,98034,434500,3,1.75,1.65,7.965,1,no,0,7,1967,47.7335,-122.193,1.67,7.35
7852000500,98065,480000,5,2.5,2.16,7.737,2,no,0,7,1998,47.5381,-121.872,1.2,7.737
1118000301,98112,2890000,4,4,5.78,7.173,2,no,0,11,2008,47.6374,-122.288,1.17,7.994
7214810050,98072,537000,4,2.25,2.64,8.8,1,no,0,8,1980,47.7552,-122.148,1.73,11.7
1085623740,98030,491000,5,3.5,2.815,4.9,1,no,0,9,2011,47.3424,-122.179,1.691,4.9
1509700050,98030,3.00E+05,4,2.5,1.96,9.898,1,no,0,8,2001,47.3834,-122.168,1.29,7.662
9834200390,98144,670000,3,1.5,1.22,4.08,2,no,0,7,1914,47.5746,-122.289,1.31,4.08
322059311,98058,355000,4,2.5,1.78,15,1,no,0,7,1993,47.4239,-122.153,4.1,9.68
7779200105,98146,945000,4,2.25,2.42,9,2,no,4,9,1967,47.4884,-122.363,2.38,9.035
3179100480,98105,530000,3,2.25,1.264,1.536,1,no,0,8,2003,47.6694,-122.279,1.61,2.067
1545802100,98038,272450,3,2.25,1.78,7.332,1,no,0,7,1987,47.3593,-122.051,1.25,7.625
2100200020,98002,288000,5,2.75,2.79,4.807,1,no,0,7,1949,47.3098,-122.223,1.61,4.807
8860310120,98052,740000,4,2,2.8,8.54,2,no,0,8,1977,47.6869,-122.126,2.4,9.4
322059161,98058,287000,3,1,1.25,26.862,1,no,0,7,1965,47.426,-122.154,1.36,24.463
1489300005,98033,1600000,5,3.75,4.27,7.5,1,no,0,10,2014,47.6845,-122.207,1.56,8.35
1321720170,98023,610000,3,2.5,3.44,18.167,2,no,0,11,1991,47.2909,-122.342,1.12,20.239
2770603522,98119,585000,3,2.5,2.16,1.25,2,no,0,8,2010,47.6515,-122.375,2.13,2.825
4449800595,98117,545000,3,1.75,1.4,4,1,no,0,7,1925,47.6902,-122.388,1.66,4.33
4083302625,98103,738000,3,1,1.28,3.9,1,no,0,7,1921,47.6545,-122.336,2.29,4.56
3336000296,98118,250000,4,1.5,1.22,4.9,2,no,0,6,1942,47.5292,-122.269,1.16,3
8562750320,98027,580500,3,2.5,2.32,3.98,1,no,0,8,2003,47.5391,-122.07,1.44,3.98
8078600330,98027,580000,3,2.25,1.94,5.98,1,no,0,7,1987,47.5476,-122.075,1.79,6.309
7533800325,98115,1100000,3,2,2.39,6.888,1,no,1,8,1939,47.6839,-122.274,1.98,7.92
3421069049,98022,565000,2,1.75,1.13,276.17,1,no,0,8,2006,47.2673,-122.027,2.12,217.8
8943600870,98031,305000,4,2.25,1.763,3.717,1,no,0,8,2012,47.4213,-122.194,3.12,3.666
1438000010,98059,569995,4,2.5,2.65,6.875,2,no,0,8,2014,47.479,-122.124,1.72,5.831
5710610800,98027,575000,3,1.75,2.68,8.625,2,no,0,8,1974,47.5316,-122.056,2.81,14.275
4104910040,98056,548000,4,2.5,2.44,11.005,1,no,0,9,1994,47.5318,-122.176,1.38,14.754
8835350300,98072,536000,3,2.5,1.99,7.397,1,no,0,9,1993,47.7703,-122.165,2.64,7.397
2926069083,98077,9.00E+05,5,3.75,4.13,226.076,1,no,0,9,1985,47.715,-122.065,4.13,55.321
2320069364,98022,370000,3,2.5,2.49,18.525,1.5,no,3,8,1995,47.2119,-122.001,1.84,9.516
1561900180,98031,395000,3,2.5,2.3,8.938,2,no,0,9,1989,47.4181,-122.211,4.92,9.694
8682230950,98053,559000,2,2,1.66,4.5,1,no,0,8,2003,47.7094,-122.031,1.33,5.58
3630121060,98029,740000,4,3.5,3.06,4.777,2,no,0,9,2007,47.555,-122,2.89,4.935
4171200025,98168,299950,3,1.5,1.94,8.951,1,no,0,7,1958,47.473,-122.328,2.28,8.319
3299610240,98075,870000,4,2.5,3.24,7.621,2,no,2,9,2003,47.5641,-122.032,1.23,7.15
3331000220,98118,280000,4,1.5,1.94,6.386,1,no,0,7,1954,47.5533,-122.285,1.95,6.165
9274200735,98116,567500,4,1.75,2.19,5.06,2,no,0,7,1950,47.5846,-122.387,1.63,4.6
5364200381,98105,610000,3,1,1,4.959,1,no,0,8,1945,47.6629,-122.277,1.84,4.959
3526039074,98117,650000,4,2.75,1.91,16.532,2,no,0,7,1940,47.6952,-122.39,1.51,8.25
1218000030,98166,278000,3,1,0.86,7.632,2,no,0,6,1920,47.4623,-122.345,2.73,7.632
9407100800,98045,255000,3,1,1.23,10.17,1,no,0,7,1979,47.4437,-121.772,1.63,10.098
4322300010,98003,294700,3,2,1.97,9.6,1,no,0,7,1967,47.2824,-122.301,1.49,7.703
7950302995,98118,497950,4,2.5,1.95,3,1,no,0,7,1998,47.565,-122.281,2.51,4.3
1843200350,98092,150000,2,1.5,1.36,1.934,1,no,0,7,1978,47.2857,-122.189,1.58,1.898
6199000141,98058,349950,4,2,1.764,15.6,1,no,0,7,1942,47.4318,-122.181,1.68,22.387
8682301910,98053,389000,2,2,1.34,4.122,2,no,0,8,2007,47.7182,-122.022,1.99,4.273
2883200083,98115,424950,2,1.5,1,1.188,1,no,0,8,2005,47.6823,-122.327,1.32,3.5
1442880320,98045,484259,4,2.75,2.79,5,1.5,no,0,8,2014,47.4831,-121.773,2.43,5.527
293670040,98103,482500,2,2.5,1.17,0.809,2,no,0,9,2007,47.6875,-122.339,0.78,1.121
4389200796,98004,1600000,3,2.5,3.16,12.824,1.5,no,2,9,1966,47.6151,-122.216,2.54,11.985
6004510240,98042,350000,4,2.5,2.53,10.155,1,yes,0,8,1998,47.351,-122.146,1.73,7.205
8731730710,98031,215000,3,1,1.18,9,1.5,no,0,7,1970,47.39,-122.166,2.91,8.316
8645530060,98058,339000,3,2.25,2.09,10.12,1,no,0,7,1979,47.4654,-122.174,1.5,7.983
7853270520,98065,622950,4,3.25,3.03,7.644,1,no,0,8,2006,47.5457,-121.881,2.18,6.908
3738000070,98039,1710000,5,2.5,2.66,6.572,2,no,0,9,1959,47.6176,-122.223,3.82,14.595
6373000187,98116,497000,3,2.25,1.46,1.353,2,no,0,8,2012,47.5774,-122.412,2.23,3.776
9215400075,98115,406000,3,1,0.96,5.264,1,no,0,7,1953,47.6805,-122.301,1.57,5.15
2922069134,98042,585000,3,1.75,2.17,153.767,1,no,0,7,1976,47.3694,-122.065,1.9,49.5
6893300295,98024,445000,4,1.75,2.43,13.211,2,no,0,7,1909,47.5245,-121.926,2.58,10.5
9542890100,98052,415000,2,2.25,1.13,2.191,1,no,0,8,2010,47.6861,-122.103,2,1.71
9161100075,98116,673000,4,2.25,2.58,2.875,2,no,0,9,2015,47.5674,-122.392,2.26,5.75
1545803390,98038,252000,3,2.5,1.68,8.284,2,no,0,7,1989,47.3609,-122.048,2.82,8.284
6752000330,98008,490000,3,1.75,1.49,11.36,1.5,no,0,8,1975,47.5896,-122.12,1.82,10.32
100300280,98059,355000,3,2.25,1.43,4.777,1,no,0,7,2010,47.4867,-122.152,3.86,3.854
2215901310,98038,303500,4,2.5,1.92,7.345,2,yes,0,8,1992,47.3526,-122.055,2.05,7.364
993000136,98103,449950,3,2.25,1.54,1.27,2,no,0,7,2014,47.6935,-122.341,1.73,1.454
5029000120,98166,450000,3,2.25,1.94,8.312,1.5,no,1,7,1963,47.4556,-122.346,2,9.503
7224500300,98055,221000,3,1,1.24,5.25,1,no,0,6,1904,47.4917,-122.206,1.42,5.25
627300105,98008,930000,4,3,2.9,10.4,1,no,3,8,1959,47.5854,-122.114,1.25,10.4
7202360010,98053,866000,4,3.25,3.99,9.786,2,no,0,9,2004,47.6784,-122.026,3.32,8.2
5422570260,98052,405000,2,2.5,1.79,5.4,1,no,0,8,1979,47.6606,-122.128,2.31,5.76
2473251170,98058,302000,4,1.75,1.53,17.664,1,no,0,7,1968,47.4549,-122.155,2.19,11.625
1545804340,98038,240000,3,1.75,1.76,6.5,2,no,0,7,1987,47.3647,-122.05,1.72,8.125
9477710160,98056,425000,3,1.75,1.56,9.452,1,no,0,8,1974,47.5197,-122.18,1.32,9.985
1926069137,98072,775000,4,3.25,4.1,241.322,1.5,no,0,9,1981,47.7302,-122.096,2.31,87.821
3754501240,98034,1550000,3,4,5.12,4.6,1,no,2,11,2008,47.7052,-122.223,1.64,5.918
8658300455,98014,225000,3,1.5,1.39,12.5,1,no,0,6,1976,47.6496,-121.908,2.33,9
4400200060,98112,650000,5,2,1.91,4.667,1.5,no,0,7,1908,47.6236,-122.306,1.98,2.545
1972202010,98103,435000,3,3,1.44,1.35,1,no,2,8,2005,47.6525,-122.345,1.71,1.35
2919700735,98117,870000,4,3.5,2.78,3.1,1,no,0,8,2014,47.6886,-122.364,1.72,3.6
7663700792,98125,228000,2,1,1.06,6.1,1,no,0,6,1951,47.7317,-122.296,1.78,9.15
522069097,98058,150000,2,1,0.72,212.137,2,no,0,5,1982,47.422,-122.066,2.15,109.642
1954400500,98074,583000,3,2.5,1.79,8.144,2,no,0,8,1989,47.6169,-122.045,1.34,7.503
2923501020,98027,580000,4,2.25,2.61,7.7,1,no,0,8,1977,47.5659,-122.089,3.89,8.266
1231000510,98118,510000,3,1.75,1.49,3.8,2,no,0,6,1913,47.5554,-122.27,1.31,4
6123600100,98148,191000,3,1,0.99,8.255,1,no,0,7,1953,47.425,-122.331,1.96,9.75
291310120,98027,355000,3,2.25,1.41,1.332,1.5,no,0,7,2004,47.5345,-122.069,4.41,1.29
8562750550,98027,605000,4,2.5,2.52,3.98,2,no,0,8,2004,47.5399,-122.07,2.58,3.98
7999600180,98168,83000,2,1,0.9,8.58,2,yes,0,5,1918,47.4727,-122.27,1.68,6.533
9454200030,98042,734000,4,2.75,3.09,7.65,1,no,2,8,1959,47.3622,-122.157,1.36,10.37
2785000290,98005,675000,3,1.75,1.68,10.5,2,no,0,8,1959,47.6098,-122.169,1.82,10.4
4307350520,98056,445000,5,3,3.88,7.18,2,no,0,7,2004,47.4797,-122.179,1.34,4.793
8691410100,98075,735000,5,2.75,3.39,5.211,1,no,0,9,2004,47.5977,-121.981,1.6,5.211
4137030040,98092,299995,3,2.5,1.97,7.5,1,no,0,8,1988,47.2658,-122.218,1.33,8.22
7370600050,98177,452000,2,1,1.34,8.1,1,no,2,8,1950,47.7212,-122.364,1.78,7.752
2473420140,98058,315000,4,2.75,2.3,18.36,2.5,no,0,7,1979,47.4518,-122.16,1.84,9.588
9178600135,98103,8.00E+05,4,2,2.13,2.8,1,no,0,7,1922,47.6545,-122.333,1.21,3.99
1257200290,98115,910000,3,2,2.7,6.12,3,no,0,8,1962,47.6731,-122.327,3.3,4.59
2824089053,98065,474950,3,2,2.25,222.156,2,no,0,7,1987,47.542,-121.792,1.28,121.968
6684500040,98004,725000,3,1,0.94,8.377,1,no,0,7,1952,47.5974,-122.2,1.45,6.9
7853280620,98065,689000,4,3.5,4.49,5.805,2,no,0,9,2006,47.5389,-121.86,1.16,6.299
3426049284,98115,2300000,4,3.25,4.11,15.929,2,no,4,12,2001,47.6934,-122.271,1.46,15.929
731500320,98030,282000,4,2.5,1.785,2.552,1,no,0,8,2009,47.3582,-122.2,2.01,2.7
1186000150,98122,563250,3,1.75,1.37,2.8,3,no,0,7,1982,47.6157,-122.291,1.36,3.773
7203160190,98053,950000,5,4,4.1,8.12,2,no,0,9,2011,47.6917,-122.02,3.11,7.625
4364700165,98126,249900,2,1,0.56,7.56,1,no,0,6,1944,47.5271,-122.375,2.41,7.56
6117502745,98166,430000,2,1.75,1.84,14.874,1,no,2,8,1952,47.4382,-122.348,1.56,15.084
8830400135,98030,264950,3,1.5,1.47,11.599,2,no,0,7,1967,47.3632,-122.188,2.09,9.76
1431700250,98058,345000,4,1,1.98,7.991,2,no,0,7,1962,47.4604,-122.17,1.56,7.7
6145601745,98133,220000,2,1,0.89,4.804,2,yes,0,7,1928,47.7027,-122.346,2.05,3.844
7369600080,98199,704000,4,2.25,2.49,6.973,1,no,0,8,1953,47.6516,-122.409,2.46,5.612
9212900100,98115,425000,4,1.75,1.82,6,2,no,0,7,1942,47.6872,-122.296,2.81,6
9269200650,98126,314000,2,1,0.72,4.92,1,no,0,6,1941,47.5352,-122.371,3.6,4.92
1788700295,98023,172000,3,1,1.35,9.68,1,no,0,7,1959,47.3274,-122.346,1.82,9.225
3529000880,98029,610000,4,2.5,2.11,6.36,1,no,0,8,1988,47.5641,-122.012,1.22,7
925059311,98033,810000,4,2.5,2.91,6.555,1.5,no,0,9,2005,47.6659,-122.172,2.76,10.419
8563030500,98008,539950,3,1.75,1.82,9.875,2,yes,0,8,1966,47.6243,-122.094,1.18,10
8924600020,98115,1540000,4,4.5,5.77,10.05,2,no,3,9,1949,47.677,-122.275,1.84,6.7
617000089,98166,274000,2,1,0.82,6.2,2,no,0,6,1954,47.4163,-122.34,2.81,14
3577300040,98028,510000,3,2.5,1.83,8.133,2,no,0,8,1996,47.7478,-122.247,2.24,11.522
3211200290,98034,304000,3,1,0.9,7.5,1.5,no,0,7,1972,47.7314,-122.237,1.8,7.5
7813500040,98178,335000,4,2.5,1.9,3.301,1,no,0,7,2007,47.489,-122.249,2.65,3.379
9476200680,98056,226000,3,1.75,1.49,6.269,2,no,0,6,1944,47.4917,-122.188,1.39,7.722
2538400040,98075,820000,4,2.5,3.67,7,2,no,0,10,2005,47.5854,-122.08,1.63,7.437
1896700080,98005,855000,4,3,3.09,35.074,1,no,0,9,1978,47.6359,-122.159,2.197,35.15
4157600120,98007,580000,5,2.5,2.5,11.9,2,no,0,7,1963,47.5915,-122.132,2.71,11.9
3982700250,98033,799900,4,2.5,3.03,7.8,1,no,0,9,1991,47.689,-122.196,1.52,7.435
3905030480,98029,536000,4,2.25,1.99,5.948,2,yes,0,8,1991,47.5712,-121.995,1.23,6.459
9542840060,98038,340000,4,2.5,2.32,4.142,1.5,no,0,7,2010,47.3662,-122.019,2.6,4.14
8024200855,98115,499100,3,1.5,1.62,5.108,1,no,0,7,1954,47.6978,-122.316,2.54,6.13
5454200080,98040,968000,4,1.75,2.63,9.645,3,no,0,9,1963,47.5459,-122.228,2.82,10.439
3821000100,98030,249950,4,1.75,1.62,10.53,2,no,0,7,1968,47.3808,-122.211,2.08,9.975
8946780080,98034,834950,5,3.5,3.63,4.911,1,no,0,9,2014,47.718,-122.156,2.35,4.992
573000490,98199,625000,3,2.25,1.97,4.564,1.5,no,0,8,1959,47.6703,-122.41,2.98,5
9477200200,98034,305000,3,1.75,1.65,9.48,1,no,0,7,1977,47.726,-122.191,2.18,8.4
2767704252,98107,478000,3,3.25,1.43,1.348,2,no,0,8,2008,47.6743,-122.374,2.27,1.265
7522700110,98198,258000,3,1,1.49,7.435,1,no,0,7,1969,47.368,-122.314,1.16,7.53
7508700085,98125,386500,3,2.25,2.95,8.036,1,no,0,8,1963,47.7239,-122.313,2.86,7.2
2420069242,98022,175000,2,1,0.74,3.434,1,no,0,6,1920,47.2088,-121.992,2.05,6
121029034,98070,549000,2,1,2.034,13.392,1,no,4,7,1947,47.3312,-122.503,3.37,15.961
1529300135,98103,338000,2,1,0.75,6.439,2,no,0,6,1934,47.6995,-122.354,1.64,6.374
6821102346,98199,505000,3,2.25,1.67,1.596,2,yes,0,8,2002,47.6474,-122.396,1.34,1.596
4083306620,98103,565000,3,1.75,1.72,2.218,2,no,0,7,1931,47.649,-122.335,2.11,1.6
7558700030,98040,5300000,6,6,7.39,24.829,2,no,4,12,1991,47.5631,-122.21,1.3,24.619
98000060,98075,1060000,4,4,5.32,20.041,1.5,no,0,11,2003,47.5852,-121.966,3.038,17.268
1113000430,98198,152000,3,1,0.902,10.464,2,no,0,7,1965,47.363,-122.308,4.08,7.21
2424059174,98006,2.00E+06,4,3.25,5.64,35.006,1,no,2,11,2015,47.5491,-122.104,1.78,35.033
1796100010,98092,555000,3,3,3.76,188.76,2,no,0,10,1979,47.308,-122.087,1.79,50.543
2461900492,98136,368000,3,2.5,1.37,1.35,1,no,0,7,2007,47.5534,-122.382,2.85,6
4013200145,98001,429000,3,1,1.54,37.95,1,no,0,7,1959,47.3259,-122.289,2.57,24.375
8091411100,98030,334000,3,2.25,2,7.225,1.5,no,0,7,1985,47.349,-122.167,2.25,7.464
2561360210,98052,562100,3,2.25,2.09,12.112,2,no,0,8,1983,47.7015,-122.13,1.44,12.112
2821049048,98003,590000,4,4.25,2.36,57.514,2,no,0,8,1939,47.2843,-122.294,1.38,35.733
9550200310,98103,495000,2,1,0.97,4.284,2,no,0,7,1905,47.6667,-122.333,1.65,4.284
3735901040,98115,341000,3,1,1.39,4.814,1,no,0,6,1908,47.6881,-122.32,1.93,3.99
1565100010,98092,225000,3,2.25,1.59,9.2,1,no,0,7,1979,47.2917,-122.184,1.26,9.2
3904990030,98029,561000,4,2.5,2.57,5.25,1,no,0,8,1990,47.5763,-122,2.1,5.392
8899200110,98055,235000,3,2,1.53,8.7,1,no,0,7,1970,47.4529,-122.207,2.04,7.6
8078460810,98074,620000,4,2.5,2.58,7.465,3,no,0,8,1993,47.6319,-122.022,2.06,7.596
3299600120,98075,698000,4,2.5,2.99,7.231,1.5,no,0,9,2001,47.5623,-122.032,2.36,8.339
6384500590,98116,526000,3,1.75,1.53,6.125,1,no,0,7,1958,47.5687,-122.397,1.42,6.125
3123049230,98166,638500,4,1.75,1.77,12.462,1,no,2,8,1962,47.4355,-122.338,1.9,14.81
2325069032,98053,875000,5,4.25,4.72,18.741,1,no,0,11,2005,47.6347,-122.013,1.92,37.328
6600780130,98092,367500,4,3,3.11,7.231,1.5,no,0,8,1997,47.3279,-122.191,2.76,7.311
7889600080,98146,208000,3,1,1.05,6.24,2,no,0,5,1948,47.4933,-122.338,1.71,6.24
3705000060,98042,270000,3,2.25,2.08,4.252,3,no,0,7,2003,47.4203,-122.157,1.85,2.275
9564800145,98055,175000,3,1,1.01,7.034,1,no,0,7,1954,47.49,-122.22,2.42,10.994
2326079039,98019,362000,1,1,0.89,211.576,2,no,0,7,1996,47.7216,-121.883,2.16,217.364
3216900070,98031,382500,4,2.5,2.21,7.079,2,no,0,8,1993,47.4206,-122.183,2.1,7
8651410740,98042,189000,3,1,0.86,5.2,1,no,0,6,1969,47.3677,-122.078,2.48,5.2
9407001860,98045,372000,4,1.75,1.96,9.3,1,no,0,7,1979,47.4487,-121.772,1.88,9.752
3528900060,98109,1150000,3,2.5,2.49,4,2,no,0,8,1918,47.6403,-122.35,1.7,4
7129303070,98118,735000,4,2.75,3.04,2.415,1,no,4,8,1966,47.5188,-122.256,1.64,2.433
1049010390,98034,505000,3,2,1.26,5.46,2,no,0,7,1972,47.7355,-122.18,1.23,5.46
8150100045,98126,210000,2,1,0.83,6,2,no,0,6,1940,47.5308,-122.376,1.33,4.96
1425069071,98053,875000,4,2.5,3.23,256.132,2,no,0,9,2006,47.6544,-121.998,2.37,217.8
2201500555,98006,385000,3,1,1.42,10.98,2,no,0,7,1954,47.574,-122.138,1.66,9.763
125059178,98052,510000,6,4.5,3.3,7.48,1.5,no,0,8,1980,47.6796,-122.104,2.8,7.561
8941500010,98052,750000,4,2.5,2.51,17.2,2,no,2,9,1977,47.6287,-122.089,2.11,14.621
8035600290,98031,372000,4,2.5,2.5,8.215,1,no,0,8,1990,47.4124,-122.204,2.94,7.801
8925100255,98115,1180000,4,2.5,3.2,7.5,1,no,1,8,1948,47.6826,-122.274,2.82,6.5
3964400120,98144,512500,4,1.75,1.62,4.24,1,no,0,7,1916,47.5746,-122.311,1.96,4.24
6362900172,98144,499950,3,3.5,1.82,1.991,2,no,0,8,2014,47.596,-122.298,1.59,1.46
4389200753,98004,1570000,4,2.75,2.81,8.57,1.5,no,0,10,1993,47.6159,-122.211,1.89,9.621
8598200070,98059,278000,2,2.5,1.42,2.229,1,no,0,7,2004,47.4871,-122.165,0.82,2.23
3449000200,98059,360000,4,1.75,2.01,12.188,1,no,0,7,1960,47.5013,-122.147,1.42,8.475
8562780090,98027,325000,2,2.25,1.23,1.058,2,no,0,7,2008,47.5325,-122.073,1.49,0.817
1250200414,98144,365000,3,2.25,1.11,0.979,2,no,0,7,2008,47.5999,-122.3,0.71,1.4
6300000287,98133,410000,3,1,1.41,5.06,1,no,0,7,1956,47.7073,-122.34,2.23,5.693
8691410310,98075,680000,4,2.5,3.29,6.012,3,no,0,9,2005,47.5961,-121.98,1.39,6.005
8576400110,98166,580000,6,2.5,3.596,13.7,2,no,0,8,1964,47.4388,-122.339,1.79,10.5
2767601815,98107,356000,3,1,0.94,2.366,1,no,0,6,1916,47.6744,-122.383,2.1,5
7549800543,98108,3.00E+05,3,3.25,1.47,1.235,1.5,no,0,7,2008,47.5537,-122.313,2.16,1.243
3013300510,98136,389950,2,1,0.82,4.234,1,no,1,6,1951,47.5294,-122.386,3.4,4.236
6204000040,98011,608000,4,2.75,2.49,9.714,1,yes,0,8,1983,47.7496,-122.201,3.17,15.3
8665900336,98155,360000,3,2,1.93,15.54,2,no,0,8,1958,47.7675,-122.307,1.75,12.123
418000330,98056,199950,2,1,0.7,5.2,2,no,0,5,1952,47.4924,-122.174,1.22,5.2
5414100040,98118,299950,2,1,0.8,3,2,no,0,6,1904,47.5602,-122.292,3.43,3.4
7802900224,98065,670000,5,2.5,2.86,68.519,1.5,no,0,8,1958,47.5265,-121.835,3.14,35.91
7454000990,98126,304950,2,1,0.67,6.72,1,no,0,6,1942,47.5151,-122.372,2.06,6.72
4047200300,98019,599900,3,1.5,2.605,12.03,1,no,0,8,2003,47.7725,-121.899,2.84,15.242
1105000011,98118,367777,5,3,2.14,5.937,1.5,no,0,7,1978,47.5459,-122.27,1.67,6.71
9547205660,98115,603000,3,2.25,1.7,2.8,2,no,0,7,1926,47.6819,-122.311,1.53,3.4
5245600120,98148,257500,3,1,1.69,13.825,2,no,0,7,1955,47.4256,-122.322,1.49,9.45
3278600710,98126,2.00E+05,1,1.5,1.01,1.157,2,no,0,8,2007,47.5492,-122.372,2.78,1.688
1087900050,98033,560000,3,1.75,2,10.182,1,no,0,7,1963,47.6616,-122.175,2.09,10.182
9290850950,98053,895000,4,2.5,3.48,38.985,1.5,no,0,10,1989,47.6895,-122.052,1.639,36.29
2771601730,98119,530000,2,1,0.84,3.4,1,no,2,7,1924,47.6403,-122.372,2.08,4
3275330120,98003,309900,3,2.5,2.02,26.67,1,no,0,7,1987,47.2597,-122.31,3.04,10.939
2919201385,98103,275000,2,1,0.68,4.19,1.5,no,0,5,1906,47.6901,-122.358,1.44,4.175
3327000070,98092,185000,3,1.75,1.5,7.8,1,no,0,7,1968,47.3141,-122.192,1.07,7.8
7308900445,98177,375000,3,1,1.87,7.671,2,no,0,8,1937,47.7162,-122.36,2.32,7.679
1926059236,98034,799950,5,3.75,3.76,4.702,1,no,0,9,2014,47.7202,-122.223,2.64,5.981
2877102180,98117,505000,2,1,1.02,5,1,no,0,7,1916,47.6781,-122.363,3.08,5
8920100066,98075,1480000,4,3.5,5.22,15.411,2,no,3,11,2006,47.592,-122.085,2.49,14.124
3905010100,98029,652500,4,2.5,2.7,9.122,1,no,0,9,1990,47.5771,-121.994,2.01,9.122
8651520420,98074,539000,3,2,2.26,9.568,1,no,0,8,1985,47.6457,-122.058,1.36,9.744
8645500900,98058,279000,4,2,2.2,7.7,1,no,0,7,1979,47.464,-122.18,1.53,7.7
2326600130,98075,895900,4,3.5,3.64,4.983,2,no,3,9,2014,47.5619,-122.027,1.26,14.7
40000669,98168,499950,4,2.5,2.91,20.067,2.5,no,0,9,2001,47.4714,-122.273,2.39,21.42
3023000410,98038,405000,5,2.75,2.4,4.9,1,no,0,8,2011,47.355,-122.057,2.605,5.696
342000570,98122,429000,2,1,1.08,3.6,1,no,0,7,1922,47.6078,-122.291,2.67,4.5
5561700340,98031,319000,3,2.5,2.11,7.434,2,yes,0,7,1978,47.3935,-122.169,1.13,7.749
8149600065,98116,844000,4,3.5,3.35,6.35,1,no,2,8,2009,47.5602,-122.39,1.57,6.35
2113700790,98106,435010,3,1,1.27,4,2,no,0,7,1954,47.5293,-122.354,3.47,4.6
5104511600,98038,457000,4,3,2.8,7.845,2,no,0,8,2002,47.3544,-122.013,2.51,6.977
1778350150,98027,839000,5,4,4.28,11.307,2,no,0,10,1996,47.5503,-122.081,1.87,11.307
2526059046,98052,638500,4,2.5,1.98,6.568,1,no,0,8,2004,47.704,-122.101,1.8,6.496
723039189,98070,519000,3,1.75,1.56,26.099,1,no,3,8,1973,47.5023,-122.467,1.67,19.687
3616600003,98177,1680000,3,2.5,4.09,16.972,1,no,2,11,2007,47.7258,-122.37,1.55,16.972
4037400280,98008,502550,3,1.75,1.77,7.875,1,no,0,7,1958,47.606,-122.125,2.98,8
6600000330,98112,718500,3,1.5,1.2,6.24,1,no,0,8,1952,47.6222,-122.287,2.92,6.24
7871500280,98119,975000,4,2.25,2.25,3.6,2,no,0,9,1912,47.643,-122.37,1.58,3.99
1545803520,98038,251000,3,2,1.65,7.93,1,no,0,7,1989,47.3617,-122.05,1.54,7.93
4027700853,98028,387500,6,2,2.4,7.684,1,no,0,6,1932,47.7705,-122.269,2.91,9.8
2770604346,98119,499000,3,2.5,1.54,1.326,2,no,0,8,1995,47.6457,-122.374,2.01,1.592
7856570190,98006,870000,4,2.75,3.41,23,2,no,0,10,1982,47.5559,-122.149,2.06,15.512
2927600105,98166,395000,5,1.75,1.84,10.453,1.5,no,2,8,1948,47.4508,-122.368,1.98,11.25
1761300850,98031,271000,4,1.75,1.71,7.2,1,no,0,7,1975,47.3967,-122.174,1.29,7.2
191100870,98040,838400,4,2.5,2.62,9.525,1,no,0,9,1974,47.5631,-122.219,1.48,9.525
2771603990,98199,625000,3,2,1.88,4,1,no,2,8,1950,47.6375,-122.391,1.96,4
6623400356,98031,250000,3,1.75,1.2,24.805,2,no,0,6,1984,47.4236,-122.195,3.3,4.339
7702600930,98058,4.00E+05,3,2,1.86,12.944,1,no,0,9,2002,47.4298,-122.102,1.16,29.279
1900000035,98166,212000,1,1,0.62,7.62,2,no,0,6,1926,47.4697,-122.349,1.07,7.62
8944320470,98042,345950,3,2.5,2.11,4.118,1,no,0,8,1989,47.3878,-122.153,1.63,4.044
1423089118,98045,494000,4,2.25,1.79,42,2,no,0,7,1983,47.4819,-121.744,3.05,50.094
6679000960,98038,336500,4,2.5,2.5,5.264,2,no,0,7,2003,47.3853,-122.028,3.05,5.25
5057100090,98042,459950,5,2.75,3.078,6.371,2,no,0,9,2014,47.3587,-122.163,1.3,19.03
6392001950,98115,435000,3,2.5,1.47,3,2,no,0,7,1985,47.6832,-122.286,2.81,5.588
1124000010,98177,5.00E+05,3,1.5,1.32,8.1,2,no,0,7,1951,47.7194,-122.371,1.86,8.1
2938100010,98022,239000,3,1.75,1.47,8.925,1,no,0,7,1957,47.2026,-122,3.75,9.282
3578700017,98028,695000,4,2.5,3.01,11.393,1,no,0,8,2005,47.7389,-122.221,1.85,11.282
6140100095,98133,475000,4,1.75,1.65,7.775,2,no,0,7,1950,47.715,-122.354,0.97,7.2
7960900060,98004,2900000,4,3.25,5.05,20.1,1,no,2,11,1982,47.6312,-122.223,2.037,20.06
2420069268,98022,184900,2,1,1.23,5,1,no,0,6,1911,47.2064,-121.988,2.054,5.413
2122049038,98198,275000,2,1,2.18,12.875,2,no,0,7,1959,47.3757,-122.303,1.72,7.447
5430300106,98115,460000,2,1,1.03,5.934,1,no,0,7,1928,47.6828,-122.287,1.76,5.588
7635801311,98166,495000,3,2,2.95,12.196,2,no,0,7,1918,47.4702,-122.365,1.7,19.844
9808590210,98004,860000,4,2.5,3.56,11.119,1,no,2,10,1986,47.6456,-122.19,1.63,11.385
4365200505,98126,354000,2,1,1.39,7.74,1,no,0,6,1925,47.5232,-122.371,2.96,7.74
7852130410,98065,450000,3,2.5,2.48,5.647,1,no,0,7,2002,47.5355,-121.88,1.73,5.018
9222400605,98115,850000,5,4,2.98,4.5,1,no,0,7,1921,47.6736,-122.323,1.77,4.225
1042700050,98074,769995,5,2.75,3.01,5.398,1,no,0,9,2014,47.6067,-122.053,2.25,5.407
5457300095,98109,1780000,4,3.25,3.73,7.071,1,no,2,11,1985,47.6292,-122.355,2.21,7.68
23500180,98052,570000,3,2.25,2.01,6,1,no,0,8,1975,47.6912,-122.115,2.3,8.26
2149800148,98002,257200,3,2,1.85,8.25,2,no,0,7,1952,47.3066,-122.209,1.4,7.153
1284000010,98022,330000,4,1.75,1.55,50.094,2,no,3,6,1967,47.2194,-122.059,1.91,50.094
3211230260,98092,399950,4,2,2.42,31.465,2,no,0,9,1984,47.3131,-122.115,1.6,32.186
8956500020,98055,338000,3,2.5,1.59,7.819,2,no,0,7,1992,47.4367,-122.199,2.07,7.733
3331001910,98118,312000,2,1,1.17,5.15,1,no,0,6,1907,47.5503,-122.283,1.07,5.15
2193320210,98052,552500,5,3,2.32,7.229,2,no,0,8,1986,47.697,-122.097,1.68,7.554
3867400180,98116,715000,2,1,1,3.513,2,no,4,5,1914,47.5935,-122.39,1.94,4.92
6113400046,98166,389999,4,2.5,1.89,15.77,1,yes,0,7,1968,47.4281,-122.343,2.53,15.256
8682281220,98053,439888,2,2,1.3,6.515,1,no,0,8,2005,47.7078,-122.013,1.31,6.009
5021900050,98040,832500,3,2,1.87,9.527,1,no,0,7,1951,47.5777,-122.224,1.09,11.904
2190601049,98003,212000,3,1.5,1.01,10,1,no,0,7,1973,47.2881,-122.294,3.29,34.637
2624039133,98136,514000,3,1.75,1.72,5.899,1,no,1,8,1986,47.5399,-122.385,1.64,6.244
1826059042,98011,402000,3,2.5,1.97,12.205,2,no,0,8,1990,47.7397,-122.209,1.29,9.636
1951800040,98006,488800,4,2.25,2.17,9.665,2,no,0,8,1976,47.5444,-122.165,1.64,12.054
6145600955,98133,329000,4,1,1.12,3.844,2,no,0,7,1972,47.7038,-122.352,0.88,3.844
326069027,98077,692500,3,2.5,2.42,198.198,1,yes,0,9,1997,47.772,-122.022,1.65,179.467
1245002952,98033,1200000,4,2.5,2.77,7.8,1,no,0,10,1999,47.684,-122.205,2.07,10
2770602265,98199,345000,3,2,1.43,4.2,2,no,0,7,1908,47.6462,-122.384,1.59,5
5151600120,98003,310000,4,2.5,2.66,12.672,2,no,0,8,1960,47.3334,-122.323,1.51,12.477
3365900106,98168,255000,3,1,1.44,11.33,2,no,0,7,1965,47.4742,-122.265,1.84,10.1
9542400010,98005,745000,3,1.75,2.05,11.041,1.5,no,0,9,1959,47.5968,-122.174,1.44,11.041
2925079012,98014,503000,4,2.5,2.94,156.988,2,no,2,9,1996,47.6214,-121.946,1.33,71.002
2421059036,98092,495000,3,2.5,2.577,156.816,1,no,0,8,2000,47.2935,-122.108,1.85,156.816
4136890260,98092,327000,5,2.75,2.4,8.05,1,no,0,8,1998,47.2635,-122.209,3.74,8.05
7202260330,98053,583000,4,2.5,2.66,4,2,no,0,8,2001,47.6876,-122.038,1.87,4.517
1796360870,98042,225000,3,1.75,1.46,8.372,1,no,0,7,1981,47.3683,-122.087,2.25,7.803
5634500179,98028,424500,4,1.5,1.83,6.985,1,no,0,7,1967,47.7494,-122.236,3.02,9.501
1937300193,98144,499000,4,2.5,1.97,2.601,1,no,0,7,1999,47.5949,-122.308,2.25,3.025
8701600030,98116,518000,5,1,1.59,5,2,no,0,7,1929,47.5752,-122.381,1.87,5
626400020,98077,734000,4,2.5,3.49,18.521,2,no,0,9,1990,47.7406,-122.07,1.69,18.521
2558720120,98034,487585,4,1.75,2.01,9.211,1.5,no,0,7,1977,47.7206,-122.171,1.05,8.5
2525049259,98039,2190000,4,4.5,4.24,13.162,1,no,0,10,2004,47.6193,-122.229,2.502,12.163
968000120,98011,395000,3,2,1.47,10.125,1.5,no,0,7,1962,47.7751,-122.222,2.81,10.125
4024100961,98155,346950,3,1.75,1.83,10.954,3,no,0,7,1963,47.7554,-122.306,1.71,8.624
9268200380,98117,505000,2,1,1.25,5.04,1,no,0,7,1920,47.6959,-122.365,1.4,5.04
7936500172,98136,1180000,3,2.5,1.97,23.18,1.5,no,4,8,1937,47.5495,-122.398,1.51,34.689
7852020300,98065,525000,3,2.5,2.2,4.544,1,no,0,8,2000,47.5319,-121.867,1.69,5.431
1972202187,98103,565000,3,2.5,1.87,1.058,1.5,no,0,8,2007,47.6512,-122.345,1.54,1.136
7853210050,98065,339000,3,2.5,1.45,3.748,1,no,0,7,2004,47.532,-121.85,1.81,3.748
3629980080,98029,725000,4,2.5,2.87,5.118,1,no,0,9,2006,47.5544,-121.99,1.51,4.8
7792000025,98022,340000,3,1,3.18,27.586,1,no,0,8,1969,47.1986,-121.967,1.58,27.586
9407000230,98045,240000,3,1,1.6,12.566,2,no,0,7,1971,47.4431,-121.765,1.69,10.65
5347200060,98126,280000,2,1,1.26,4.8,3,no,0,6,1947,47.5196,-122.376,1.29,2.435
408100050,98155,329950,4,1,1.36,5.9,1,no,0,7,1949,47.7512,-122.318,1.47,5.9
7225000045,98055,207100,2,1,1,4.5,2,no,0,6,1916,47.4896,-122.204,3.15,4.837
1588600045,98117,459000,2,1.75,1.17,4.887,2,no,0,6,1929,47.695,-122.366,1.979,5.441
3814900950,98092,345000,4,2.5,1.983,6.002,2,no,0,9,2012,47.3281,-122.164,2.87,4.75
1226039124,98177,529000,2,2,1.54,9.714,1,no,0,8,2008,47.7628,-122.359,2.35,8.179
1189000645,98122,650000,4,2,1.93,3.976,1,no,0,8,1914,47.6117,-122.297,1.26,4.08
5101404898,98115,592500,2,2,1.42,9.191,1,no,2,7,1928,47.6979,-122.32,0.97,6.816
8679600100,98033,465000,5,1.5,1.75,12.491,1,no,0,6,1961,47.6995,-122.174,1.57,12.473
7230400430,98059,322400,3,1.75,1.71,15.844,1,no,0,8,1964,47.4706,-122.1,2.42,20.359
6926700654,98109,7.00E+05,2,2,1.49,0.713,2,no,0,9,2014,47.6356,-122.346,0.98,1.11
930000289,98177,509007,3,1.75,1.8,7.62,1,no,0,8,1951,47.7165,-122.361,1.59,7.62
6893300350,98024,439900,2,2,1.41,12.282,2,no,0,8,1909,47.5242,-121.926,4.08,8.931
3278606110,98126,375000,3,2.5,1.58,2.407,2,no,0,8,2013,47.5455,-122.368,2.07,2.212
1635500250,98028,570000,4,2.5,2.89,5.801,1,no,0,9,2005,47.7349,-122.238,1.92,6.286
7215730310,98075,726000,5,3,2.97,10.335,1,no,0,9,2000,47.598,-122.019,1.98,10.335
4232903265,98119,614950,3,1,1.5,2.4,1,no,0,7,1900,47.6333,-122.362,2,3.6
1428001160,98053,550000,3,1.75,1.89,100.623,2,no,3,8,1978,47.6454,-121.978,1.8,50.529
1274500300,98042,2.00E+05,3,1.5,1.09,9.6,1,no,0,7,1968,47.3639,-122.109,1.5,9.62
7893203480,98198,205000,3,1.5,1.42,5,1,no,0,7,1987,47.4192,-122.33,2.58,7.5
1724079048,98024,475000,3,2.5,2.68,87.117,1,no,0,7,1989,47.5646,-121.935,1.763,87.117
6400700220,98033,450000,3,1,1.54,9.028,1,no,0,6,1968,47.6698,-122.177,2.36,9.028
3959401645,98108,355000,2,1.75,1.65,4,1,no,0,7,1947,47.5622,-122.319,2.41,4.11
2214800630,98001,239950,3,2.25,1.56,8.28,2,no,0,7,1979,47.3393,-122.259,2.11,8.12
4415600030,98166,433000,3,2.75,2,7.2,1,no,0,7,1954,47.4531,-122.352,0.89,7.2
8651402920,98042,219900,4,1.5,1.12,5.427,1,yes,0,6,1969,47.3628,-122.087,1.88,5.304
1862900160,98031,265900,3,2,1.18,7.793,1,no,0,7,1992,47.4053,-122.181,3.06,7.793
5062300280,98014,150000,3,1,0.89,6.488,1,no,0,5,1928,47.7087,-121.352,0.83,16.25
7715600070,98125,385000,3,1.75,1.56,14.288,2,no,0,6,1944,47.7183,-122.306,1.46,8.928
9578500510,98023,409950,3,2.5,2.655,5.08,1,no,0,8,2013,47.2972,-122.348,1.01,5.232
1825069031,98074,550000,4,1.75,2.41,8.447,1,no,3,8,1936,47.6499,-122.088,1.68,14.789
1397300055,98133,268500,2,1,0.79,8.424,1,no,0,6,1953,47.7511,-122.352,1.768,8.424
3530530110,98198,149900,2,1.75,1.09,1.95,2,no,0,8,1982,47.3782,-122.319,1.39,3.426
7787100210,98045,450000,4,2.25,2.12,8.267,1.5,no,0,8,1996,47.4885,-121.779,1.02,7.746
2755200110,98115,820000,3,1.75,2.16,6.272,1.5,no,0,8,1960,47.6777,-122.306,1.33,5.376
1521069070,98010,204000,3,1,1.04,7.405,1,no,0,6,1971,47.3105,-122.021,1.06,7.405
1226039103,98177,380000,4,1.5,1.68,11.123,1,no,0,7,1959,47.7565,-122.361,2.03,10.103
2921049079,98003,299000,2,1.75,1.25,34.395,2,no,0,7,1950,47.2802,-122.316,3.21,26.042
5708500208,98116,412000,2,1.5,1.24,3.873,1,no,0,6,1909,47.5752,-122.388,2,4.336
6021503830,98117,480000,4,1,2.08,5.5,1,no,0,7,1941,47.6838,-122.386,1.21,4
1952200410,98102,960000,3,2.5,2.01,6.857,1,no,0,9,1955,47.6402,-122.314,2.38,6.37
9238450430,98072,275000,3,1,0.99,9.798,1,no,0,7,1968,47.767,-122.164,2.73,9.87
2224079086,98024,520000,3,1.75,1.43,53.628,1,no,0,8,1985,47.5577,-121.891,1.81,53.628
8563010300,98008,746000,4,2.75,2.11,8.19,2,no,0,8,1966,47.6269,-122.1,1.6,8.4
7203140220,98053,389700,3,2.5,1.72,3.581,2,no,0,7,2011,47.6861,-122.013,2.52,3.6
4139440610,98006,746000,3,2.5,2.62,8.95,2,no,0,9,1992,47.5523,-122.119,2.4,8.809
6430000945,98103,665000,2,2,1.615,4.59,1,no,0,8,1906,47.6886,-122.348,3.03,4.59
4037600115,98007,415500,3,1.5,1.24,12.4,1,no,0,7,1958,47.607,-122.132,3.03,9.6
1742800030,98055,578000,4,2.5,3.14,9.225,1.5,no,2,9,1966,47.4904,-122.226,1.38,9.6
3876000120,98034,390000,5,1.75,2.25,8.97,1,no,0,7,1966,47.7217,-122.188,2.1,8.71
5589900761,98155,315000,2,1,0.77,6.731,2,yes,0,6,1943,47.7505,-122.312,1.44,9.212
1566100595,98115,3.00E+05,3,1,1.26,8.28,1,no,0,6,1946,47.7,-122.299,1.17,8.28
2228900191,98133,340000,3,1.75,1.74,10.8,1,no,0,7,1959,47.7717,-122.351,2.06,7.735
7852190320,98065,555000,4,2.5,2.87,6.776,2,yes,0,8,2004,47.539,-121.878,2.14,6.658
6929602390,98198,230000,3,1,0.88,7.5,1,no,0,7,1978,47.3837,-122.307,1.7,7.5
9201300020,98075,1520000,3,2.25,2.61,9.409,2,no,4,8,1963,47.5789,-122.076,1.32,9.156
8651430870,98042,177000,3,1,0.87,5.2,1,no,0,6,1969,47.3695,-122.081,2.15,5.2
2522059112,98042,248500,4,1.75,1.72,10.018,1,no,0,7,1960,47.3614,-122.119,4.61,10.018
4239400740,98092,192950,3,1,1.17,3.33,2,no,0,6,1969,47.3155,-122.182,1.4,3.33
7504010590,98074,790000,4,3,3.18,12.07,2,no,0,9,1976,47.6371,-122.058,1.77,12.6
5332200530,98112,1020000,5,2.5,2.35,4,1.5,no,0,9,1993,47.6265,-122.296,1.68,4
3222049024,98198,361000,3,1,1.1,4.046,2,no,4,6,1922,47.344,-122.331,1.77,7.847
2887700970,98115,637000,4,2.75,2.19,2.867,1,no,0,7,1929,47.6868,-122.308,1.71,3.8
203900460,98053,407450,3,2,1.81,10.86,2,no,0,7,1967,47.6393,-121.967,1.97,11.982
9414500200,98027,410000,4,1.75,1.79,11.875,1,no,0,7,1969,47.522,-122.047,1.23,11.76
2822069080,98038,390000,4,2.5,2.56,43.56,2,no,0,8,1989,47.3692,-122.047,2.56,10.15
7376300085,98008,530000,3,1.75,1.43,10.35,2,yes,0,7,1959,47.6353,-122.123,2.07,10.35
5452800495,98040,899100,5,2.5,2.41,15.3,3,no,0,8,1975,47.5416,-122.231,1.19,15.3
3188100105,98115,650000,4,2.5,2.11,6.82,2,no,0,7,1942,47.6882,-122.306,2.08,6.431
2781270530,98038,193000,2,1.75,0.91,2.55,2,no,0,6,2004,47.3494,-122.022,2.98,2.55
3832711040,98032,321000,5,2.75,3.03,7,1,no,0,7,1978,47.3661,-122.28,1.18,7.33
9826700697,98122,549900,3,2,1.28,0.96,1.5,no,0,9,2014,47.602,-122.311,1.87,1.173
8946700100,98092,408500,4,2.5,2.72,7.043,2,no,0,9,2003,47.3315,-122.169,1.62,6.958
8732900300,98052,685000,4,2.5,2.51,3.479,1,no,0,8,2007,47.6981,-122.099,1.45,4.171
5210200184,98115,452000,2,1.75,1.74,5.4,1,no,0,7,1946,47.6971,-122.282,3.74,5.4
7504020970,98074,660000,4,2.25,3.18,13.653,3,no,0,9,1978,47.6316,-122.05,1.29,12.35
8651611060,98074,835000,4,3.25,3.27,6.027,2,no,0,10,2001,47.6346,-122.063,3.16,6.546
5045700090,98059,480000,5,2.75,2.67,4.78,1,no,0,8,2013,47.4866,-122.155,1.78,5.38
1081330180,98059,627000,4,2.5,2.75,11.83,2,no,0,9,2014,47.4698,-122.121,1.98,11.83
1775800420,98072,474000,4,2.25,1.96,14.834,1,no,0,8,1976,47.7434,-122.095,1.59,15
4036800900,98008,447000,3,1,1.31,7,1,no,0,7,1958,47.6019,-122.123,1.55,7.3
4310702775,98103,280000,2,1.5,0.8,1.196,2,no,0,8,2003,47.6972,-122.341,1.46,1.087
3388100020,98168,225000,3,1.5,1.66,7.221,1,yes,0,7,1962,47.4962,-122.32,3.27,8.083
3558910490,98034,450000,4,1.75,1.98,7.35,1,no,0,7,1973,47.7088,-122.202,3.73,7.92
629811340,98074,770000,4,3,2.8,9.127,2,no,0,9,1999,47.6123,-122.007,3.99,8.165
3630120330,98029,630000,2,2.5,2.29,3.507,1.5,no,0,9,2005,47.5545,-122.002,1.46,3.64
9274201807,98116,580000,3,2.5,1.59,1.937,1,no,0,8,2004,47.5903,-122.388,1.34,2.022
5288200070,98126,450000,3,1,1.45,3.35,1,no,0,7,1919,47.5607,-122.378,1.88,4.255
3223049131,98148,270000,4,2.5,2.49,11.65,1,no,0,7,1990,47.4416,-122.332,1.15,10.495
1126049103,98028,415000,3,1.5,1.86,9.003,1.5,no,0,7,1955,47.7624,-122.26,1.96,11.574
5100401414,98115,490000,2,1,0.88,6.38,1,no,0,7,1938,47.6924,-122.322,1.83,6.38
4326000190,98034,370000,4,1,1.54,9.541,1,no,0,7,1961,47.7104,-122.213,2,9.541
263000006,98103,375000,3,2.5,1.53,1.131,2,no,0,8,2009,47.6993,-122.346,3.03,1.445
1865820370,98042,166600,3,1.75,1.15,8.69,1,no,0,7,1977,47.3729,-122.115,1.73,7.04
8129700085,98103,597000,4,2.5,2.28,2.432,3,no,0,8,1921,47.6605,-122.355,1.24,2.099
9290850800,98052,965000,4,2.5,4.07,57.587,1.5,no,0,10,1989,47.6908,-122.052,1.43,35.96
2223089048,98045,356000,4,2,2.02,48.693,2,no,0,7,1949,47.4646,-121.759,1.5,34.9
4326000220,98034,321000,3,1,1.29,9.526,1,no,0,7,1961,47.7111,-122.213,1.17,9.508
5364200695,98105,1080000,4,2.75,2.64,5,1,no,0,9,1943,47.6619,-122.275,1.96,5
7575600430,98003,240000,3,2.5,1.62,5.25,1,no,0,8,1987,47.3538,-122.301,2.39,5.25
8682211030,98053,391265,3,2,1.44,3.9,2,no,0,8,2002,47.7022,-122.021,2.06,3.9
1555200180,98032,225000,4,1,1.41,7,3,no,0,7,1963,47.3767,-122.287,1.88,7
1423069063,98027,464950,4,2.5,2.23,64.438,2,yes,0,7,1978,47.4754,-122.007,1.58,71.002
3407700012,98072,1080000,4,3.5,3.74,41.458,1,no,2,11,2000,47.7375,-122.139,2.43,38.325
2801910100,98052,754842,3,2.5,2.93,5.641,1,no,0,8,2013,47.71,-122.113,2.18,5.641
6430500293,98103,395000,2,1.5,1.01,3.06,1,no,0,7,1918,47.6897,-122.354,2.06,4.08
3905081520,98029,625000,4,2.75,2.39,6.979,1,no,0,8,1993,47.5703,-121.996,1.3,6.321
104550740,98023,299000,3,2.5,2.45,7.062,1,no,0,8,1993,47.3061,-122.36,1.68,7.2
5282200015,98115,525000,5,3,2.75,3.8,1,no,0,7,1926,47.6845,-122.313,1.63,3.8
4036800015,98008,465000,4,1.75,1.73,11.7,1,no,0,7,1956,47.6031,-122.13,2.98,7.82
9324800025,98125,325500,3,1.5,1.54,8.11,2,no,0,7,1959,47.7329,-122.291,2.31,8.11
832700240,98133,325000,3,1.5,1.27,1.067,1,no,0,8,2009,47.7236,-122.353,1.59,1.118
6402700110,98033,585000,4,2,2.4,12.753,1,yes,0,7,1962,47.6947,-122.177,1.24,12.06
5072300210,98166,440000,3,1.75,2,9.9,2,no,2,8,1957,47.4436,-122.339,1.2,10.2
7010700936,98199,799000,3,2.5,2.86,4.442,3,no,0,8,2000,47.661,-122.396,2.06,4.4
1370802650,98199,605000,3,2,2.66,4.5,1,no,0,7,1922,47.6391,-122.403,1.18,5
328000160,98115,1400000,5,3.75,3.7,7.92,1,no,4,9,1983,47.6865,-122.266,1.24,6.36
720079001,98022,667000,3,1.75,3.32,478.288,3,no,3,8,1933,47.2407,-121.953,1.91,217.8
7905200365,98116,550000,3,1.75,1.36,5.85,2,no,0,7,1938,47.5711,-122.391,1.97,5.85
625069064,98053,625000,3,2.25,2.57,47.48,1,no,0,9,1979,47.6854,-122.079,1.68,106.722
4027701275,98028,230000,3,1,1.24,6.195,3,no,0,6,1948,47.7681,-122.266,2.37,11.08
475000176,98107,436000,3,2.5,1.15,1.193,1,no,0,8,2006,47.6684,-122.365,1.56,1.64
1383800015,98107,524000,3,2.25,1.37,1.007,1,no,0,8,2009,47.6682,-122.361,1.37,1.635
4067600275,98010,630000,3,1,1.36,13,1,yes,0,6,1945,47.3359,-122.033,1.45,19.65
8673400061,98107,382000,2,1.5,1.07,0.877,1,no,0,8,2005,47.6699,-122.393,2.11,1.193
8892900210,98002,236000,3,1.75,1.33,6.301,1,no,0,7,1998,47.3411,-122.219,2.95,6.144
8944460170,98030,368000,4,2.5,2.689,5.724,2,no,0,9,2006,47.3799,-122.184,2.79,5.7
2297400020,98034,392000,3,2.25,1.79,7.125,2,no,0,7,1974,47.7184,-122.226,1.9,7.95
452001570,98107,576250,2,1.75,1.53,5,2,no,0,7,1989,47.6755,-122.37,5.34,5
1313000650,98052,620000,4,2.25,2.21,10.039,1,no,0,8,1967,47.634,-122.101,1.44,10.965
7129302185,98118,290000,2,1,0.95,5.65,1,no,0,6,1943,47.5149,-122.257,2.005,5.65
5424100030,98030,327555,3,2.5,2.329,5.72,1,no,0,8,2010,47.362,-122.2,1.24,5.72
9551201155,98103,925000,3,3.25,2.61,4.5,1,no,0,9,1909,47.6701,-122.339,1.65,4.5
4330600360,98166,142500,4,0.75,1.44,13.3,1,no,0,6,1948,47.4761,-122.337,2.55,11.1
9265700005,98177,395000,3,1.75,1.74,6.22,1,no,0,6,1954,47.762,-122.362,2.06,8.418
2113700335,98106,316500,3,1.75,1.46,6.36,1,no,2,7,1979,47.5311,-122.353,3.02,4.24
3226079091,98014,755000,3,2.5,3.68,203.86,3,no,0,9,1994,47.6903,-121.929,2.88,144.183
1423400160,98058,230000,2,1,1.08,9.435,2,no,0,6,1958,47.459,-122.181,1.5,9.21
3629920300,98029,425000,3,2.25,1.26,3,1,no,0,7,2003,47.5454,-121.997,2.97,3.042
3124089060,98065,282000,3,1,1.25,13.503,1,no,0,6,1931,47.526,-121.829,1.83,13.503
4305600250,98059,540000,4,2.5,3,5.471,2,no,0,8,2013,47.4797,-122.126,1.96,5.471
3630000130,98029,430000,3,2.25,1.47,1.703,1.5,no,0,8,2005,47.5478,-121.999,2.84,1.107
7788000100,98056,393000,4,1.75,1.79,11.801,2,no,0,8,1974,47.5172,-122.17,1.79,12.988
2523089025,98045,1080000,3,3,4.02,435.6,1.5,no,2,10,1999,47.4418,-121.731,1.569,283.14
5100403806,98125,467000,3,2.5,1.425,1.179,3,no,0,8,2008,47.6963,-122.318,1.34,1.253
2426049154,98034,412500,3,1.75,1.66,10.716,2,no,0,7,1988,47.7326,-122.234,1.86,7.626
625049359,98103,515000,3,2.25,1.3,1.18,1,no,0,8,2008,47.6871,-122.339,3.65,1.174
7010700245,98199,565000,5,2.25,2.13,4.36,2,no,2,8,1959,47.6586,-122.395,1.54,5
7012200215,98119,795000,3,3.25,2.26,3.727,2,no,0,8,2003,47.6422,-122.361,2.17,4.8
2126059048,98034,294000,3,1,1.25,9.427,2,no,0,6,1931,47.7254,-122.175,1.74,8.25
3352400330,98178,216000,2,1,1.81,10.36,2,no,0,6,1946,47.5039,-122.266,1.22,10.36
6163900301,98155,425000,4,1,1.48,8.321,1,yes,0,7,1953,47.7629,-122.318,2.08,8.502
8732000390,98031,246500,3,1.5,1.27,11.6,2,no,0,7,1964,47.4075,-122.196,2.29,9.945
6669150790,98031,265000,3,2.25,1.84,6.75,1,no,0,7,1980,47.4075,-122.172,1.83,7.004
3585900495,98177,1250000,3,2.5,3.67,18.505,1,no,4,10,1983,47.7588,-122.376,2.63,20
1313000220,98052,675000,5,3,3.41,9.6,1.5,no,0,8,1968,47.6358,-122.103,1.53,9.679
2212250080,98006,592100,4,2.75,2.31,7.851,2,no,0,8,1989,47.5473,-122.187,1.44,7.359
4389201241,98004,1950000,4,4,4.69,6.9,1,no,0,11,2001,47.6165,-122.216,2.84,11.24
425069104,98053,715000,3,2.5,2.41,46.609,2,no,0,9,1989,47.6789,-122.048,2.03,40.072
2346200050,98006,760369,5,2.5,2.87,4.712,1,yes,0,9,2014,47.5463,-122.182,1.32,6.768
7936000429,98136,1010000,4,3.5,3.51,7.2,1,no,0,9,2009,47.5537,-122.398,2.47,6.2
5318101565,98112,1630000,4,3.25,2.98,3.6,2,no,0,9,1999,47.6352,-122.284,1.26,4.8
1257202215,98103,810000,4,1.75,1.76,4.08,2,no,0,8,1906,47.675,-122.331,2.51,6.12
9323610110,98006,710000,4,2.5,2.87,11.304,1,no,0,9,1980,47.5547,-122.154,1.7,9.94
7384500110,98116,685000,3,2.5,3.45,8,2,no,0,8,1927,47.5605,-122.402,2.24,6.135
8691360380,98075,865000,4,2.5,3.56,13.981,2,no,0,10,2000,47.6002,-121.98,2.61,13.624
1644500050,98056,875000,6,3.5,4.43,11.453,1.5,no,0,9,2001,47.5156,-122.204,1.6,5.661
795001600,98168,340000,3,1,1.71,10.19,2.5,no,0,6,1949,47.506,-122.331,1.71,6.251
4331000265,98166,167000,3,2,1.52,7.456,1.5,no,0,7,1949,47.4745,-122.343,1.95,8.464
5104540240,98038,609900,4,2.5,3.19,7.399,1,no,0,10,2006,47.3558,-122.004,1.8,7.323
1223089077,98045,718000,3,1.75,4.06,136.29,2,no,0,8,1995,47.4843,-121.719,1.32,51.836
7831800395,98106,312500,2,1,0.88,6.345,2,no,0,7,1919,47.5341,-122.358,2.96,6.345
1656600280,98059,655000,4,2.5,3.11,24.466,1.5,no,0,9,1997,47.4898,-122.127,2.28,22.185
3028200100,98168,216000,2,1,0.86,9,1,no,0,6,1942,47.4801,-122.315,1.44,9.975
5101407305,98125,319000,2,1,0.75,6.38,1,no,0,7,1949,47.7033,-122.308,1.51,6.495
8682260610,98053,572000,2,2,1.87,5.143,1,no,0,8,2005,47.7142,-122.033,2.11,5.143
525069133,98053,780000,4,3.25,3.9,40.962,1,no,0,10,1991,47.683,-122.063,1.45,11.775
1917300105,98022,216500,3,1,1.17,9,1,no,0,6,1918,47.2109,-121.987,2.09,8.16
2475201070,98055,259000,3,1.75,1.24,4,2,no,0,7,1986,47.4728,-122.191,1.29,4.586
1370803460,98199,1340000,3,3,2.96,5.5,2,no,2,10,1937,47.6356,-122.402,1.63,5.876
3679400503,98108,330000,3,1.75,1.3,0.958,1,no,0,7,2011,47.5677,-122.314,2.09,1.254
104500730,98023,115000,3,1.75,1.08,7.942,1,no,0,7,1981,47.3141,-122.355,2.55,8.244
2893000280,98031,216600,3,1.75,2.2,7.7,1,no,0,7,1975,47.4119,-122.181,1.36,7.36
123039570,98146,485000,4,2.25,1.9,7.2,3.5,no,0,8,1977,47.5033,-122.372,1.62,8.008
7215720160,98075,9.00E+05,3,2.5,3.4,16.603,1.5,no,0,10,2000,47.6012,-122.023,2.39,12.601
8651441520,98042,220000,3,1,0.82,5.2,2,no,0,6,1977,47.363,-122.094,1.51,5.2
9528104109,98115,530000,3,2.5,1.365,1.09,2,no,0,7,2003,47.6776,-122.324,2.91,1.124
2161400060,98030,338900,3,2.25,1.936,9.495,1,no,0,8,2013,47.3714,-122.197,2.16,12.77
9307300100,98107,485000,3,1,1.5,4.1,1,no,0,7,1926,47.6689,-122.367,1.47,4.1
4077800258,98125,4.00E+05,3,1,1,7.8,1,no,0,6,1930,47.7098,-122.283,1.894,7.8
3126049107,98103,577500,2,1,1.64,5.515,1,no,0,7,1926,47.6912,-122.334,2.5,5.515
3629970190,98029,769000,4,3.5,3.01,6.202,1,no,0,9,2005,47.5533,-121.993,2.97,5.001
5649600266,98118,386000,3,1.5,1.55,8,2,no,0,6,1980,47.5536,-122.286,2.58,5.15
8658303585,98014,252500,2,1,0.9,7.5,1.5,no,0,6,1961,47.6481,-121.916,0.84,10
2487200279,98136,560000,3,2.5,2.43,5.128,1,no,1,8,1978,47.5198,-122.389,3.24,5.33
7634800070,98166,453000,3,2.5,1.82,16.3,1,no,0,7,1955,47.4582,-122.365,3.25,16.3
2212901010,98042,229950,3,1.75,1.17,11.96,1,no,0,7,1969,47.3279,-122.136,1.9,9.8
5649600225,98118,457500,3,1,0.96,4.6,1,no,0,6,1927,47.5553,-122.286,1.71,5.175
1708400555,98108,346500,2,1.75,1.61,6.3,2,no,0,7,1941,47.554,-122.304,2.68,5.225
6072700110,98006,615000,4,2.75,2.82,13.193,1,no,0,8,1965,47.5579,-122.174,3.7,13.193
6064800550,98118,247800,3,2.5,1.58,2.17,1,no,0,7,2003,47.5418,-122.289,1.84,1.917
2600100110,98006,788000,4,2.5,2.68,8.778,1,no,0,8,1977,47.5516,-122.161,1.73,10.02
3205400140,98034,385000,3,1.75,1.3,7.03,1,no,0,7,1968,47.721,-122.179,1.67,7.65
1186000095,98122,890000,4,2.75,2.31,4.02,1.5,no,0,8,1979,47.6154,-122.291,1.61,3.75
1922059046,98030,308000,3,1,1.98,39.15,3,no,0,6,1932,47.3818,-122.225,3.04,11.811
2473101190,98058,279950,3,1.75,1.53,8.8,2,no,0,7,1967,47.4483,-122.158,1.29,8.69
4310701421,98103,350000,2,2.5,1.26,1.347,2,no,0,8,2005,47.6994,-122.341,1.48,1.356
7852090390,98065,715000,4,2.5,3.02,7.035,1,no,4,9,2001,47.5344,-121.874,1.5,6.771
3224800120,98002,250000,3,2.5,2.07,8.4,2,no,0,8,1990,47.3099,-122.206,1.28,9.239
6703100070,98155,369500,3,1,1.2,9.194,1,no,0,7,1952,47.7362,-122.319,1.768,8.65
5101403915,98115,970000,2,1,1.29,5.376,1,no,0,6,1945,47.6966,-122.315,3.08,5.376
3176600055,98115,656000,3,1.75,1.48,7.475,1,no,0,8,1943,47.6732,-122.272,1.41,7.216
326049060,98155,660000,3,2.5,2.65,11.25,1,no,0,9,2005,47.7644,-122.29,1.29,10.013
9553200125,98115,875000,3,1.5,2.44,5.75,1,no,0,8,1939,47.6991,-122.296,2.99,6.82
5104530560,98038,208633,3,2.5,2.04,3.81,2,no,0,8,2006,47.3537,-122,1.69,4.59
9459200120,98118,4.00E+05,3,2,1.17,3.868,2,no,0,7,1925,47.5543,-122.29,1.23,3.8
8078440050,98074,569500,4,2.5,2.34,8.248,1.5,no,0,8,1989,47.6314,-122.03,2.33,9.963
9358000780,98126,275000,2,1,0.83,5.61,1,no,0,6,1922,47.5674,-122.367,2.01,2.793
6383900090,98117,838300,6,2.5,3.76,12.978,2,no,0,9,1967,47.6976,-122.381,1.37,7.362
5608010980,98027,878000,4,2.5,3.48,13.421,1,no,0,11,1995,47.5504,-122.097,2.52,9.642
8951900065,98028,315000,3,1,1.07,9.497,2,no,0,7,1955,47.7425,-122.23,2.21,9.561
7936000463,98136,838000,4,2.5,2.56,7.21,1,no,0,9,2006,47.5535,-122.395,2.75,10.439
3619600143,98177,650000,3,1.5,2.16,9,1,no,2,8,1949,47.7241,-122.369,1.41,9
7212680850,98003,258000,3,2.5,1.73,6.93,2,no,0,8,1994,47.2621,-122.308,1.56,6.93
3342100421,98056,745000,4,2.5,3.17,5.1,1,no,0,9,2012,47.5187,-122.208,2.69,5.1
5466700450,98031,250000,4,1.75,1.86,7.35,2,no,0,7,1977,47.3979,-122.174,1.979,7.35
5452800645,98040,865000,4,2.5,2.26,13.6,2,yes,0,8,1974,47.5436,-122.233,1.13,13.995
7379600240,98007,615000,3,1.75,1.95,8.48,1,no,0,8,1962,47.5893,-122.15,3.21,8.48
8672200110,98056,1090000,5,3.75,4.17,8.142,2,yes,2,10,2006,47.5354,-122.181,3.01,7.98
8679400130,98033,353000,4,1.5,1.1,9.6,2,yes,0,6,1960,47.7,-122.175,1.44,9.63
6205500030,98005,480000,4,2,2.18,10.575,1.5,no,0,6,1950,47.589,-122.177,1.97,12.01
4232902615,98119,819000,3,1,1.3,3.6,1,yes,0,7,1900,47.6345,-122.366,2.092,4.8
3276920270,98075,832500,4,4,3.43,35.102,1,no,0,10,1986,47.5822,-121.987,3.11,35.02
2125059123,98005,1250000,5,3.25,3.95,44.431,2,no,0,10,1969,47.6451,-122.173,1.285,45.87
3625059071,98008,899000,4,2.25,2.29,40.946,2,no,3,8,1960,47.616,-122.103,2.22,20.076
3797000290,98103,660000,3,3,2.34,2.97,1,no,0,8,1925,47.6868,-122.348,1.71,4
7952800010,98133,475000,4,2.5,3.06,10.043,1,no,0,8,1968,47.7387,-122.337,1.77,8.296
687600010,98005,753000,4,1.75,2.16,39.43,1,no,0,8,1974,47.6378,-122.185,2.44,35.329
5101400934,98115,450000,2,1,0.81,4.368,1.5,no,0,6,1958,47.6915,-122.312,2.91,5.253
257000105,98168,192500,2,1,0.95,7.692,1,no,0,6,1926,47.4909,-122.298,2.39,8.221
472000620,98117,790000,3,2.5,2.6,4.75,1,no,0,9,1951,47.6833,-122.4,1.15,4.75
3451000206,98146,340000,3,1.75,2.14,13.26,2,no,0,7,1948,47.5074,-122.353,2.12,13.26
7116500705,98002,156000,2,1,0.92,5.889,2,no,0,6,1950,47.3012,-122.218,1.75,6.18
123000110,98107,520000,2,1,0.91,5,2,no,0,7,1924,47.6733,-122.37,1.63,5
623059016,98178,1100000,4,3.25,3.19,11.774,1,no,4,8,1956,47.5033,-122.225,2.43,8.725
2540800390,98034,469000,3,2.25,1.82,8.446,1,no,0,8,1978,47.7208,-122.236,3.11,8.437
5412200180,98031,285000,3,2.25,1.84,6.214,1,no,0,7,1983,47.4043,-122.185,1.19,6.214
2767603250,98107,622000,3,2.25,1.55,1.919,1,no,0,8,2003,47.6729,-122.379,1.24,2.918
6042000090,98155,525000,4,2.5,2.52,7.731,1,no,0,9,1994,47.7709,-122.297,1.29,7.704
8650000250,98027,611000,6,2.5,3.82,53.173,2,no,0,9,1974,47.5209,-122.052,2.41,15.314
3336002215,98118,319950,2,1,1.24,5.5,1,no,0,6,1921,47.5257,-122.263,1.74,5.5
7905200061,98116,419700,3,2.25,1.45,1.486,1,no,0,8,2006,47.5694,-122.387,2.665,1.437
519000043,98122,602000,3,2.5,1.64,3.804,1,no,0,8,1998,47.6103,-122.3,1.67,3.23
4083306720,98103,560000,4,1.5,1.79,3.42,1,no,0,7,1923,47.6489,-122.337,1.86,3.42
2767604254,98107,425000,2,2.5,1.14,1.182,1,no,0,8,2007,47.6713,-122.383,1.16,1.189
1898310110,98023,280000,3,2.5,1.8,8.697,1,no,0,8,1987,47.3115,-122.4,1.45,8.39
4472000040,98002,230000,4,3,1.68,6.003,1.5,no,0,7,1997,47.2885,-122.218,1.77,6.207
4094800380,98040,990000,3,2.25,2.63,12.899,1.5,no,0,9,1966,47.5479,-122.233,1.44,15.32
715010530,98006,1880000,5,3.5,4.41,13,1.5,no,3,10,2014,47.5382,-122.111,1.6,12.969
8899200570,98055,280000,3,2.25,1.9,7.8,2,no,0,8,1977,47.4545,-122.208,3.77,7.8
6371000079,98116,575000,4,2.25,2.07,1.23,1,no,0,9,2013,47.5775,-122.41,2.31,4.802
8093800200,98011,360400,3,2.5,1.63,11.592,1,no,0,8,1987,47.7574,-122.228,1.84,8.85
6381500720,98125,395000,4,2,2.24,7.085,1.5,no,0,7,1944,47.7309,-122.305,1.48,7.085
7694200070,98146,334990,4,2.5,2.22,4.228,2,no,0,8,2014,47.5014,-122.341,2.81,4.157
1245500286,98033,498000,2,2,1.14,8.282,1,no,0,6,1924,47.6949,-122.21,1.09,9
705730280,98038,325000,3,2.5,1.74,5.267,1,no,0,7,1999,47.3777,-122.023,1.14,5
1839500115,98056,320000,4,1.5,2.22,6.811,1,no,0,7,1961,47.5059,-122.193,1.33,7.35
3205000310,98056,345000,3,1,1.34,9.339,2,no,0,7,1960,47.5407,-122.177,2.08,9.35
5021900160,98040,711000,4,1.75,1.98,10.8,2,no,0,6,1948,47.5768,-122.222,3.22,10.8
8665900168,98155,635000,4,2.5,4.26,36.36,1,no,0,8,1935,47.764,-122.302,1.44,17.888
4400800061,98155,419000,4,2,2.18,10.447,1,no,0,8,1969,47.7675,-122.279,1.93,10.987
9831200500,98102,2480000,5,3.75,6.81,7.5,1,no,0,13,1922,47.6285,-122.322,2.35,7.5
8655900100,98014,230950,2,1,0.93,12.724,1.5,no,0,6,1912,47.6567,-121.909,2.47,21.828
7972604355,98106,218000,3,1,1.02,7.874,2,no,0,7,1956,47.5175,-122.346,1.45,7.32
3630120050,98029,565000,2,1.75,1.67,4.008,2,no,0,9,2005,47.5539,-122.001,2.24,3.752
3558900450,98034,530000,4,2.25,2.13,8.64,2,no,0,7,1969,47.7087,-122.198,1.47,8.826
3530410020,98198,265000,2,1.75,1.09,3.272,2,no,0,8,1970,47.3794,-122.32,2.54,5.475
522059130,98058,465000,3,1,1.15,18.2,3,no,0,7,1959,47.4262,-122.187,1.55,18.2
3224510290,98006,920000,3,1.75,3.67,11.884,1,no,2,9,1979,47.5604,-122.133,1.57,9.747
1062100115,98155,405000,3,2,1.45,6.081,2,no,0,7,1969,47.7522,-122.278,1.1,6
7283900185,98133,415000,4,2.5,2,5.962,1.5,no,0,8,1999,47.7695,-122.35,1.44,10.5
5418200245,98125,781000,3,1.75,1.94,8.729,2,no,0,8,1960,47.7027,-122.282,2.1,9.165
7137900960,98092,235000,4,2,1.57,9.415,2.5,no,0,7,1984,47.3168,-122.174,1.33,8.978
2597490300,98029,7.00E+05,3,2.5,2.35,4.975,1,no,0,8,2012,47.5418,-122.01,1.156,3.951
8854100350,98011,625000,5,2.5,2.99,15.085,1,no,0,9,2007,47.746,-122.218,1.88,13.076
3760500475,98034,926500,4,2.75,2.9,17.802,2,no,2,9,1981,47.7004,-122.229,1.8,15.72
726049190,98133,431000,3,1,1.81,7.2,1,no,0,7,1954,47.7493,-122.351,2.49,8.1
8682291630,98053,559000,2,2,1.93,5.52,2,no,0,8,2006,47.7191,-122.022,1.58,4.533
5253300243,98133,415000,4,2,1.96,10.559,1.5,no,0,7,1955,47.7494,-122.337,2.99,7.769
2592210510,98006,850000,3,2.5,3.12,12.406,1.5,no,2,9,1983,47.5507,-122.141,2.95,13.141
2920700220,98117,275000,2,1,0.91,4.191,1.5,no,0,6,1910,47.6929,-122.36,2.2,6.05
3158500290,98038,387990,4,2.5,2.64,5.595,2,no,0,8,2011,47.3551,-122.054,2.51,5.011
1930301555,98103,5.00E+05,2,1,0.95,4.5,2,no,2,7,1926,47.6562,-122.354,3.4,4
2140950130,98010,440000,4,2.5,2.99,7.928,1,no,0,9,2011,47.3139,-122.024,1.27,7.401
3630020430,98029,420000,3,2.5,1.47,1.445,2,no,0,8,2005,47.5468,-121.998,1.264,1.525
6648500390,98042,219000,3,2.25,1.94,6.5,2,no,0,8,1979,47.3565,-122.149,1.8,8.991
1788700230,98023,191000,3,1.5,0.8,8.85,2,no,0,6,1959,47.3266,-122.348,2.13,8.775
7950304075,98118,225000,4,1,1.15,6,2,yes,0,6,1907,47.562,-122.283,1.36,3.03
7129300400,98178,4.00E+05,6,2,2.35,6.554,2,no,1,8,1905,47.5115,-122.256,1.47,6.554
8850000285,98144,350000,4,2.25,2.3,4.6,2,no,0,7,1904,47.5895,-122.311,1.62,3
8651520240,98074,540000,4,2,1.99,29.078,1,no,0,9,1984,47.6471,-122.057,2.33,28.353
3422059208,98042,390000,3,2.5,1.93,64.904,1,no,0,8,1988,47.346,-122.157,1.5,57.5
6392002020,98115,559000,3,1.75,1.7,6.5,2,no,0,8,1967,47.6837,-122.284,1.05,6
5016003230,98112,169317,2,1,0.79,4,1,no,2,7,1908,47.6248,-122.301,1.28,4.2
2867100190,98119,650000,5,1.75,1.26,4.5,3,no,0,7,1926,47.6452,-122.369,1.7,4.388
2734100395,98108,380000,2,1,0.76,4,2,no,0,6,1910,47.5462,-122.32,1.22,4
6666830390,98052,779380,5,2.5,2.59,7.084,1.5,no,0,8,2014,47.7053,-122.113,1.22,4.823
5538300460,98155,465000,5,1.5,1.83,9,1,no,2,7,1955,47.7488,-122.292,1.73,11.175
6675500105,98034,306000,3,2,1.16,7.217,2,no,0,7,1969,47.7279,-122.227,0.99,9.104
8045000340,98052,565000,3,2.5,1.7,7.21,1,no,0,7,1966,47.6688,-122.161,2.4,7.566
2887700091,98115,625000,4,2,2.19,3.622,1,no,0,8,1925,47.6887,-122.312,1.87,3.082
4340610040,98103,312500,2,1.5,1.07,1.2,1,no,0,7,1999,47.697,-122.347,1.59,1.2
3362401000,98103,695000,3,2,2.5,4.08,1,no,0,7,1922,47.6813,-122.346,1.25,3.06
9267200062,98103,336000,3,2.5,1.26,1.211,2,no,0,8,2004,47.6969,-122.343,1.63,1.211
2581300055,98040,885000,3,3.25,2.64,16.09,1,no,2,8,1976,47.5374,-122.213,1.12,15
7967700570,98032,245000,3,2.25,1.35,6.775,1.5,no,0,7,1981,47.3593,-122.289,3.84,7.21
7234601525,98122,7.00E+05,3,1.75,2.01,4.905,1,no,0,7,1912,47.6105,-122.309,1.54,1.834
1785400780,98074,550000,3,2.25,2.12,18.255,1,no,0,8,1984,47.6279,-122.037,2.36,12.997
5467910140,98042,479900,3,2,1.98,12.15,1,no,0,9,1994,47.3657,-122.152,1.47,12.15
6117501820,98166,250275,2,1,0.79,11.234,1,no,0,6,1942,47.4413,-122.349,2.97,11.871
8647600020,98053,749950,4,2.5,3.34,123.6,2,no,0,10,2005,47.6101,-121.955,3.7,123.6
8678500020,98024,1580000,4,3.5,5.83,131.116,1,no,0,11,2005,47.5986,-121.949,1.92,207.206
1324079082,98024,295000,4,2,1.81,42.981,1,no,0,7,1973,47.5597,-121.85,1.48,113.691
9808630210,98033,789800,3,2.5,2.605,2.216,1,no,2,9,1979,47.6536,-122.203,2.02,2.3
6840700165,98122,202000,1,1,0.59,0.833,2,no,0,7,1926,47.6082,-122.299,1.46,1.617
2639400020,98177,635000,4,1.75,2.46,7.56,3,no,0,8,1952,47.7256,-122.367,1.33,8.918
5589300435,98155,359000,4,1,2.18,10.617,1,no,0,7,1950,47.7522,-122.307,3.05,9.519
3278605570,98126,362500,3,2.5,1.8,2.7,2,no,0,8,2011,47.5458,-122.369,2.94,1.2
345700340,98056,306888,2,1.5,1.01,7.719,1,no,0,7,1981,47.5128,-122.189,1.38,7.719
203100690,98053,1080000,4,2.75,3.16,42.733,1.5,no,0,9,1995,47.6367,-121.958,1.82,24
2380000190,98042,375000,3,1.75,2.53,35.15,2,no,0,7,1977,47.3913,-122.121,1.59,36.386
8950500250,98028,479900,4,2,2.51,9.75,1,no,0,8,1960,47.7438,-122.229,2.87,9.75
3876001330,98034,430000,4,1.5,1.81,7.2,2,no,0,7,1966,47.7207,-122.186,1.45,7.2
9834200165,98144,704300,4,1.5,1.79,4.08,1,no,0,7,1928,47.5749,-122.291,1.32,4.08
7305300470,98155,345000,2,1.75,1.82,8.409,1,no,0,6,1948,47.7538,-122.327,3.92,8.409
339600190,98052,420000,3,1,1.31,3.963,1,no,0,7,1986,47.6826,-122.096,2.23,3.363
622069006,98058,1500000,4,5.5,6.55,217.374,1,no,0,11,2006,47.4302,-122.095,2.95,50.378
5273200080,98115,619950,2,1,1.52,5.4,1,no,0,7,1951,47.6796,-122.279,1.76,5.4
1432400120,98058,255000,3,1,1.01,7.69,1.5,no,0,6,1958,47.4501,-122.176,2.47,7.619
3546000380,98030,259900,3,1.75,1.69,7.953,1,no,0,7,1986,47.3556,-122.175,1.54,7.425
9477201370,98034,440000,3,1.75,1.76,8.025,2,no,0,7,1976,47.7287,-122.192,2.14,7.543
1066100260,98008,681500,5,2.75,3.26,11.7,1,no,0,8,1964,47.6169,-122.104,1.79,11.7
3444120130,98042,399950,4,2.75,3.21,41.689,1,no,0,8,1989,47.3493,-122.062,3.08,41.384
7349800780,98019,175000,2,1.75,1.05,9.8,1,no,0,6,1975,47.7595,-121.473,2.47,12.726
1890000166,98105,540000,3,2.5,1.28,1.889,1.5,no,0,8,2009,47.6619,-122.324,1.76,1.889
2420069003,98022,299000,3,2.5,1.62,79.993,1.5,no,2,6,1960,47.2138,-121.982,2.37,15.68
1787600224,98125,390000,3,2.5,1.64,6.991,2,no,0,7,1967,47.7255,-122.327,2.04,7.342
6043400006,98004,815000,4,1.5,2.06,16.11,1,no,0,8,1949,47.5983,-122.202,2.81,16.11
1973700030,98034,2210000,3,2.5,3.43,10.177,2,no,0,10,2014,47.7159,-122.251,1.35,12.339
1424130220,98072,991500,4,3,3.82,26.895,2,no,2,11,1995,47.7253,-122.092,1.47,24.751
1238900130,98033,1100000,4,3.75,2.89,4.164,1,no,0,9,2013,47.676,-122.197,2.58,3.207
3083000910,98144,410000,3,2,1.32,6,2,no,0,7,1920,47.5752,-122.304,2.43,4
1853080790,98074,869950,4,2.75,3.14,7.928,2,no,0,9,2013,47.5923,-122.058,3.63,7.055
524069037,98075,505000,2,1,1.24,57,2,no,0,7,1962,47.597,-122.059,3.93,25.545
5167000140,98033,1480000,3,3.25,3.7,2.264,1,no,0,11,1998,47.6653,-122.205,3.46,2.567
2122059216,98030,422000,4,2.5,2.93,5.973,2,no,0,10,2008,47.3846,-122.186,2.62,7.095
2408600160,98001,352000,4,2.5,1.252,25.002,1,no,0,8,1996,47.3216,-122.291,1.96,25.002
8029520250,98023,450000,3,2.5,3.8,13.071,1,no,0,10,1994,47.3076,-122.397,2.62,11.11
6137610190,98011,632000,3,2.25,2.73,7.521,2,no,2,9,1992,47.7704,-122.196,2.47,8.204
7129302615,98118,292000,3,1.75,1.09,4.5,2,no,0,8,1929,47.5157,-122.256,1.67,5.225
1432701230,98058,309000,3,1,1.28,9.656,1,no,0,6,1959,47.4485,-122.175,1.79,8.808
9264030040,98001,425000,3,2.5,2.65,12.247,1,no,0,9,2002,47.3185,-122.259,1.64,8.965
624110050,98077,760000,4,2.75,3.37,12.447,1,no,0,10,1991,47.7309,-122.058,1.01,13.129
7201800280,98052,409950,3,1.75,1.32,6.03,2,no,0,7,1969,47.6993,-122.13,1.21,6.565
6977000040,98034,625000,4,3,2.19,12.825,2,no,0,9,1989,47.7107,-122.229,2.4,4.673
2525310040,98038,206000,3,1,1.06,10.35,1.5,no,0,7,1980,47.365,-122.028,2.354,9.66
9809000020,98004,1940000,5,2.25,3.12,16.672,3,yes,0,9,1969,47.6458,-122.219,3.36,17.853
8718500610,98028,379950,3,1.5,1.69,9.144,2,no,0,7,1956,47.739,-122.253,1.35,10.6
3625059109,98008,1050000,4,3,2.92,33.976,2,no,3,8,1964,47.6164,-122.104,1.714,15.21
4032500035,98065,295000,2,1.75,1.56,43.748,1,no,0,8,1967,47.5729,-121.676,1.49,24.602
2621660040,98118,325000,5,2.75,2.13,6.222,1,no,0,7,1991,47.5272,-122.276,1.85,6.222
7689600630,98178,216500,2,1,0.71,6.96,1,yes,0,6,1943,47.4886,-122.246,1.48,7.68
8138870470,98029,494815,3,2.5,1.91,2.091,2,no,0,8,2014,47.5445,-122.013,2.41,1.546
6705850140,98075,750000,4,2.75,3.17,7.634,2,no,0,10,1992,47.5774,-122.054,2.25,7.846
8080400045,98112,6.00E+05,2,1,1.04,3.6,2,no,0,7,1919,47.619,-122.311,1.15,4.8
534000195,98117,510000,3,1.75,1.37,6.7,2,yes,0,8,1940,47.6982,-122.362,1.29,6.694
4058802300,98178,3.00E+05,4,2,2.36,7.44,1,no,0,7,1955,47.5044,-122.245,1.64,7.8
2320069206,98022,219000,3,1,1.25,8.276,2,no,0,6,1939,47.2092,-121.997,2.64,8.792
2025049203,98102,399950,2,1,0.71,1.157,2,no,0,7,1943,47.6413,-122.329,2.57,1.173
9510920040,98075,780000,3,2.5,2.94,15.875,1.5,no,0,10,1994,47.5947,-122.016,1.54,15.875
1177000130,98107,805000,4,2.75,2.41,6,1,no,0,8,1950,47.6707,-122.399,1.7,6
5416100020,98022,323000,3,1.75,1.91,8.329,1,no,0,8,2004,47.19,-122.016,1.88,9.259
2768301482,98107,490000,3,2.25,1.28,1.52,3,no,0,8,2008,47.6651,-122.368,1.93,1.681
9264921030,98023,316000,3,2.5,2.55,8.17,2,no,0,8,1985,47.311,-122.345,2,8.823
8582010290,98027,683000,3,2.5,2.3,9.218,2,no,2,9,1998,47.5504,-122.077,1.6,9.93
2095800250,98011,475226,3,2.5,2.12,4.512,2,no,0,8,1988,47.75,-122.183,2.41,4.553
2110200036,98122,7.00E+05,5,3.25,2.4,3.118,1,yes,0,7,1928,47.6094,-122.291,2.85,3.941
5149300200,98023,316500,3,1.75,1.6,14.25,2,no,0,7,1979,47.3272,-122.355,1.57,14.96
9468200109,98103,1560000,3,3.5,4.36,6.24,1,no,3,10,2008,47.6791,-122.354,1.7,3.91
3126049500,98103,359000,3,1.5,1.36,0.885,1,no,0,8,2008,47.6961,-122.349,1.23,1.167
2436700625,98105,590000,2,2.5,1.45,1.281,1,no,0,8,2006,47.665,-122.285,1.63,1.281
7974200902,98115,637000,4,2.5,1.71,5,1,no,0,8,1979,47.6772,-122.285,1.87,5.304
1022069183,98038,725000,3,2.5,3.58,54.45,1,no,0,9,1990,47.4026,-122.033,1.85,35.943
3897100170,98033,370000,3,1.75,1.15,6.6,1.5,no,0,6,1970,47.6709,-122.185,1.16,6.6
5425700150,98039,787500,4,1.75,1.58,9.382,2,no,0,7,1963,47.6353,-122.232,2.4,9.382
4447300008,98117,530000,3,1.5,1.95,1.963,2,no,0,8,2002,47.6904,-122.397,1.66,2.028
2896000680,98052,6.00E+05,4,2.75,2.81,17.674,1,no,0,8,1978,47.6745,-122.144,1.55,11.24
5608000840,98027,905000,4,2.5,3.52,12.193,2,no,0,10,1993,47.5535,-122.095,1.36,11.318
1232001985,98117,557000,2,1.5,1.45,3.84,1,no,0,7,1947,47.684,-122.381,2.53,3.84
8100400160,98052,7.00E+05,3,2.25,2.33,11.424,2,no,0,8,1984,47.6386,-122.11,1.96,11.448
6446200175,98029,735000,3,2.5,3.02,50.8,1.5,no,0,8,1968,47.5529,-122.026,1.56,27.135
3303980650,98059,935000,4,3.5,3.51,11.2,1,no,0,11,2001,47.5193,-122.15,3.08,12.124
6600060160,98146,380000,4,2.5,2.13,4.467,1,no,0,8,2014,47.5108,-122.363,2.73,8.16
1370800225,98199,2150000,4,3.25,3.84,6.214,2,no,3,10,1939,47.6388,-122.406,2.1,5.915
2770604615,98119,735000,4,2,1.64,6,1,no,0,9,1911,47.6505,-122.375,2.37,6
